kind,itemstring,mod,era,modern,file
node,mcl_anvils:anvil,mcl_anvils,1.0-1.7,no,mods/ITEMS/mcl_anvils/init.lua
node,mcl_anvils:anvil_damage_1,mcl_anvils,1.0-1.7,no,mods/ITEMS/mcl_anvils/init.lua
node,mcl_anvils:anvil_damage_2,mcl_anvils,1.0-1.7,no,mods/ITEMS/mcl_anvils/init.lua
node,mcl_beacons:beacon,mcl_beacons,1.0-1.7,no,mods/ITEMS/mcl_beacons/init.lua
node,mcl_beacons:beacon_beam,mcl_beacons,1.0-1.7,no,mods/ITEMS/mcl_beacons/init.lua
craftitem,mcl_bone_meal:bone_meal,mcl_bone_meal,1.0-1.7,no,mods/ITEMS/mcl_bone_meal/init.lua
craftitem,mcl_books:book,mcl_books,1.0-1.7,no,mods/ITEMS/mcl_books/init.lua
node,mcl_books:bookshelf,mcl_books,1.0-1.7,no,mods/ITEMS/mcl_books/init.lua
craftitem,mcl_books:writable_book,mcl_books,1.0-1.7,no,mods/ITEMS/mcl_books/init.lua
craftitem,mcl_books:written_book,mcl_books,1.0-1.7,no,mods/ITEMS/mcl_books/init.lua
node,mcl_brewing:stand_000,mcl_brewing,1.0-1.7,no,mods/ITEMS/mcl_brewing/init.lua
node,mcl_brewing:stand_001,mcl_brewing,1.0-1.7,no,mods/ITEMS/mcl_brewing/init.lua
node,mcl_brewing:stand_010,mcl_brewing,1.0-1.7,no,mods/ITEMS/mcl_brewing/init.lua
node,mcl_brewing:stand_011,mcl_brewing,1.0-1.7,no,mods/ITEMS/mcl_brewing/init.lua
node,mcl_brewing:stand_100,mcl_brewing,1.0-1.7,no,mods/ITEMS/mcl_brewing/init.lua
node,mcl_brewing:stand_101,mcl_brewing,1.0-1.7,no,mods/ITEMS/mcl_brewing/init.lua
node,mcl_brewing:stand_110,mcl_brewing,1.0-1.7,no,mods/ITEMS/mcl_brewing/init.lua
node,mcl_brewing:stand_111,mcl_brewing,1.0-1.7,no,mods/ITEMS/mcl_brewing/init.lua
node,mcl_cake:cake,mcl_cake,1.0-1.7,no,mods/ITEMS/mcl_cake/init.lua
node,mcl_cauldrons:cauldron,mcl_cauldrons,1.0-1.7,no,mods/ITEMS/mcl_cauldrons/init.lua
node,mcl_commandblock:commandblock_off,mcl_commandblock,1.0-1.7,no,mods/ITEMS/REDSTONE/mcl_commandblock/init.lua
node,mcl_commandblock:commandblock_on,mcl_commandblock,1.0-1.7,no,mods/ITEMS/REDSTONE/mcl_commandblock/init.lua
node,mcl_daylight_detector:daylight_detector,mcl_daylight_detector,1.0-1.7,no,mods/ITEMS/REDSTONE/mcl_daylight_detector/init.lua
node,mcl_daylight_detector:daylight_detector_inverted,mcl_daylight_detector,1.0-1.7,no,mods/ITEMS/REDSTONE/mcl_daylight_detector/init.lua
entity,mcl_enchanting:book,mcl_enchanting,1.0-1.7,no,mods/ITEMS/mcl_enchanting/init.lua
craftitem,mcl_enchanting:book_enchanted,mcl_enchanting,1.0-1.7,no,mods/ITEMS/mcl_enchanting/init.lua
node,mcl_enchanting:table,mcl_enchanting,1.0-1.7,no,mods/ITEMS/mcl_enchanting/init.lua
node,mcl_end:chorus_flower,mcl_end,1.0-1.7,no,mods/ITEMS/mcl_end/chorus_plant.lua
node,mcl_end:chorus_flower_dead,mcl_end,1.0-1.7,no,mods/ITEMS/mcl_end/chorus_plant.lua
craftitem,mcl_end:chorus_fruit,mcl_end,1.0-1.7,no,mods/ITEMS/mcl_end/chorus_plant.lua
craftitem,mcl_end:chorus_fruit_popped,mcl_end,1.0-1.7,no,mods/ITEMS/mcl_end/chorus_plant.lua
node,mcl_end:chorus_plant,mcl_end,1.0-1.7,no,mods/ITEMS/mcl_end/chorus_plant.lua
entity,mcl_end:crystal,mcl_end,1.0-1.7,no,mods/ITEMS/mcl_end/end_crystal.lua
craftitem,mcl_end:crystal,mcl_end,1.0-1.7,no,mods/ITEMS/mcl_end/end_crystal.lua
entity,mcl_end:crystal_beam,mcl_end,1.0-1.7,no,mods/ITEMS/mcl_end/end_crystal.lua
node,mcl_end:dragon_egg,mcl_end,1.0-1.7,no,mods/ITEMS/mcl_end/building.lua
node,mcl_end:end_bricks,mcl_end,1.0-1.7,no,mods/ITEMS/mcl_end/building.lua
node,mcl_end:end_rod,mcl_end,1.0-1.7,no,mods/ITEMS/mcl_end/building.lua
node,mcl_end:end_stone,mcl_end,1.0-1.7,no,mods/ITEMS/mcl_end/building.lua
entity,mcl_end:ender_eye,mcl_end,1.0-1.7,no,mods/ITEMS/mcl_end/eye_of_ender.lua
craftitem,mcl_end:ender_eye,mcl_end,1.0-1.7,no,mods/ITEMS/mcl_end/eye_of_ender.lua
node,mcl_end:purpur_block,mcl_end,1.0-1.7,no,mods/ITEMS/mcl_end/building.lua
node,mcl_end:purpur_pillar,mcl_end,1.0-1.7,no,mods/ITEMS/mcl_end/building.lua
craftitem,mcl_fireworks:rocket_,mcl_fireworks,1.0-1.7,no,mods/ITEMS/mcl_fireworks/register.lua
node,:mcl_flowerpots:flower_pot_,mcl_flowerpots,1.0-1.7,no,mods/ITEMS/mcl_flowerpots/init.lua
node,mcl_flowerpots:flower_pot,mcl_flowerpots,1.0-1.7,no,mods/ITEMS/mcl_flowerpots/init.lua
node,mcl_hoppers:hopper,mcl_hoppers,1.0-1.7,no,mods/ITEMS/mcl_hoppers/init.lua
node,mcl_hoppers:hopper_disabled,mcl_hoppers,1.0-1.7,no,mods/ITEMS/mcl_hoppers/init.lua
node,mcl_hoppers:hopper_side,mcl_hoppers,1.0-1.7,no,mods/ITEMS/mcl_hoppers/init.lua
node,mcl_hoppers:hopper_side_disabled,mcl_hoppers,1.0-1.7,no,mods/ITEMS/mcl_hoppers/init.lua
entity,mcl_itemframes:item,mcl_itemframes,1.0-1.7,no,mods/ITEMS/mcl_itemframes/init.lua
node,mcl_nether:chiseled_nether_brick,mcl_nether,1.0-1.7,no,mods/ITEMS/mcl_nether/init.lua
node,mcl_nether:cracked_nether_brick,mcl_nether,1.0-1.7,no,mods/ITEMS/mcl_nether/init.lua
node,mcl_nether:glowstone,mcl_nether,1.0-1.7,no,mods/ITEMS/mcl_nether/init.lua
craftitem,mcl_nether:glowstone_dust,mcl_nether,1.0-1.7,no,mods/ITEMS/mcl_nether/init.lua
node,mcl_nether:magma,mcl_nether,1.0-1.7,no,mods/ITEMS/mcl_nether/init.lua
node,mcl_nether:nether_brick,mcl_nether,1.0-1.7,no,mods/ITEMS/mcl_nether/init.lua
node,mcl_nether:nether_lava_flowing,mcl_nether,1.0-1.7,no,mods/ITEMS/mcl_nether/lava.lua
node,mcl_nether:nether_lava_source,mcl_nether,1.0-1.7,no,mods/ITEMS/mcl_nether/lava.lua
node,mcl_nether:nether_wart,mcl_nether,1.0-1.7,no,mods/ITEMS/mcl_nether/nether_wart.lua
node,mcl_nether:nether_wart_0,mcl_nether,1.0-1.7,no,mods/ITEMS/mcl_nether/nether_wart.lua
node,mcl_nether:nether_wart_1,mcl_nether,1.0-1.7,no,mods/ITEMS/mcl_nether/nether_wart.lua
node,mcl_nether:nether_wart_2,mcl_nether,1.0-1.7,no,mods/ITEMS/mcl_nether/nether_wart.lua
node,mcl_nether:nether_wart_block,mcl_nether,1.0-1.7,no,mods/ITEMS/mcl_nether/init.lua
craftitem,mcl_nether:nether_wart_item,mcl_nether,1.0-1.7,no,mods/ITEMS/mcl_nether/nether_wart.lua
craftitem,mcl_nether:netherbrick,mcl_nether,1.0-1.7,no,mods/ITEMS/mcl_nether/init.lua
node,mcl_nether:netherrack,mcl_nether,1.0-1.7,no,mods/ITEMS/mcl_nether/init.lua
craftitem,mcl_nether:quartz,mcl_nether,1.0-1.7,no,mods/ITEMS/mcl_nether/init.lua
node,mcl_nether:quartz_block,mcl_nether,1.0-1.7,no,mods/ITEMS/mcl_nether/init.lua
node,mcl_nether:quartz_chiseled,mcl_nether,1.0-1.7,no,mods/ITEMS/mcl_nether/init.lua
node,mcl_nether:quartz_ore,mcl_nether,1.0-1.7,no,mods/ITEMS/mcl_nether/init.lua
node,mcl_nether:quartz_pillar,mcl_nether,1.0-1.7,no,mods/ITEMS/mcl_nether/init.lua
node,mcl_nether:quartz_smooth,mcl_nether,1.0-1.7,no,mods/ITEMS/mcl_nether/init.lua
node,mcl_nether:red_nether_brick,mcl_nether,1.0-1.7,no,mods/ITEMS/mcl_nether/init.lua
node,mcl_nether:soul_sand,mcl_nether,1.0-1.7,no,mods/ITEMS/mcl_nether/init.lua
structure,nether_bridge,mcl_nether_fortresses,1.0-1.7,no,mods/MAPGEN/mcl_nether_fortresses/init.lua
structure,nether_bulwark,mcl_nether_fortresses,1.0-1.7,no,mods/MAPGEN/mcl_nether_fortresses/init.lua
structure,nether_outpost,mcl_nether_fortresses,1.0-1.7,no,mods/MAPGEN/mcl_nether_fortresses/init.lua
structure,nether_outpost_with_bridges,mcl_nether_fortresses,1.0-1.7,no,mods/MAPGEN/mcl_nether_fortresses/init.lua
craftitem,mcl_potions:,mcl_potions,1.0-1.7,no,mods/ITEMS/mcl_potions/potions.lua
craftitem,mcl_potions:dragon_breath,mcl_potions,1.0-1.7,no,mods/ITEMS/mcl_potions/potions.lua
craftitem,mcl_potions:fermented_spider_eye,mcl_potions,1.0-1.7,no,mods/ITEMS/mcl_potions/init.lua
craftitem,mcl_potions:glass_bottle,mcl_potions,1.0-1.7,no,mods/ITEMS/mcl_potions/init.lua
craftitem,mcl_potions:river_water,mcl_potions,1.0-1.7,no,mods/ITEMS/mcl_potions/init.lua
craftitem,mcl_potions:speckled_melon,mcl_potions,1.0-1.7,no,mods/ITEMS/mcl_potions/init.lua
craftitem,mcl_potions:water,mcl_potions,1.0-1.7,no,mods/ITEMS/mcl_potions/init.lua
structure,end_shrine,mcl_strongholds,1.0-1.7,no,mods/MAPGEN/mcl_strongholds/init.lua
structure,desert_temple,mcl_structures,1.0-1.7,no,mods/MAPGEN/mcl_structures/desert_temple.lua
structure,desert_well,mcl_structures,1.0-1.7,no,mods/MAPGEN/mcl_structures/init.lua
structure,end_exit_portal,mcl_structures,1.0-1.7,no,mods/MAPGEN/mcl_structures/end_spawn.lua
structure,end_exit_portal_deferred,mcl_structures,1.0-1.7,no,mods/MAPGEN/mcl_structures/end_spawn.lua
structure,end_exit_portal_open,mcl_structures,1.0-1.7,no,mods/MAPGEN/mcl_structures/end_spawn.lua
structure,end_spawn_obsidian_platform,mcl_structures,1.0-1.7,no,mods/MAPGEN/mcl_structures/end_spawn.lua
structure,end_spike,mcl_structures,1.0-1.7,no,mods/MAPGEN/mcl_structures/end_spawn.lua
structure,ice_spike_large,mcl_structures,1.0-1.7,no,mods/MAPGEN/mcl_structures/init.lua
structure,ice_spike_small,mcl_structures,1.0-1.7,no,mods/MAPGEN/mcl_structures/init.lua
structure,jungle_temple,mcl_structures,1.0-1.7,no,mods/MAPGEN/mcl_structures/jungle_temple.lua
structure,witch_hut,mcl_structures,1.0-1.7,no,mods/MAPGEN/mcl_structures/witch_hut.lua
mob,mobs_mc:blaze,mobs_mc,1.0-1.7,no,mods/ENTITIES/mobs_mc/blaze.lua
egg,mobs_mc:blaze,mobs_mc,1.0-1.7,no,mods/ENTITIES/mobs_mc/blaze.lua
mob,mobs_mc:donkey,mobs_mc,1.0-1.7,no,mods/ENTITIES/mobs_mc/horse.lua
egg,mobs_mc:donkey,mobs_mc,1.0-1.7,no,mods/ENTITIES/mobs_mc/horse.lua
mob,mobs_mc:ghast,mobs_mc,1.0-1.7,no,mods/ENTITIES/mobs_mc/ghast.lua
egg,mobs_mc:ghast,mobs_mc,1.0-1.7,no,mods/ENTITIES/mobs_mc/ghast.lua
mob,mobs_mc:horse,mobs_mc,1.0-1.7,no,mods/ENTITIES/mobs_mc/horse.lua
egg,mobs_mc:horse,mobs_mc,1.0-1.7,no,mods/ENTITIES/mobs_mc/horse.lua
mob,mobs_mc:magma_cube_big,mobs_mc,1.0-1.7,no,mods/ENTITIES/mobs_mc/slime+magma_cube.lua
egg,mobs_mc:magma_cube_big,mobs_mc,1.0-1.7,no,mods/ENTITIES/mobs_mc/slime+magma_cube.lua
mob,mobs_mc:magma_cube_small,mobs_mc,1.0-1.7,no,mods/ENTITIES/mobs_mc/slime+magma_cube.lua
mob,mobs_mc:magma_cube_tiny,mobs_mc,1.0-1.7,no,mods/ENTITIES/mobs_mc/slime+magma_cube.lua
mob,mobs_mc:mule,mobs_mc,1.0-1.7,no,mods/ENTITIES/mobs_mc/horse.lua
egg,mobs_mc:mule,mobs_mc,1.0-1.7,no,mods/ENTITIES/mobs_mc/horse.lua
mob,mobs_mc:ocelot,mobs_mc,1.0-1.7,no,mods/ENTITIES/mobs_mc/ocelot.lua
egg,mobs_mc:ocelot,mobs_mc,1.0-1.7,no,mods/ENTITIES/mobs_mc/ocelot.lua
mob,mobs_mc:skeleton_horse,mobs_mc,1.0-1.7,no,mods/ENTITIES/mobs_mc/horse.lua
egg,mobs_mc:skeleton_horse,mobs_mc,1.0-1.7,no,mods/ENTITIES/mobs_mc/horse.lua
mob,mobs_mc:witch,mobs_mc,1.0-1.7,no,mods/ENTITIES/mobs_mc/witch.lua
egg,mobs_mc:witch,mobs_mc,1.0-1.7,no,mods/ENTITIES/mobs_mc/witch.lua
mob,mobs_mc:wither,mobs_mc,1.0-1.7,no,mods/ENTITIES/mobs_mc/wither.lua
egg,mobs_mc:wither,mobs_mc,1.0-1.7,no,mods/ENTITIES/mobs_mc/wither.lua
mob,mobs_mc:witherskeleton,mobs_mc,1.0-1.7,no,mods/ENTITIES/mobs_mc/skeleton_wither.lua
egg,mobs_mc:witherskeleton,mobs_mc,1.0-1.7,no,mods/ENTITIES/mobs_mc/skeleton_wither.lua
mob,mobs_mc:zombie_horse,mobs_mc,1.0-1.7,no,mods/ENTITIES/mobs_mc/horse.lua
egg,mobs_mc:zombie_horse,mobs_mc,1.0-1.7,no,mods/ENTITIES/mobs_mc/horse.lua
entity,mcl_conduits:conduit,mcl_conduits,1.13,yes,mods/ITEMS/mcl_conduits/init.lua
node,mcl_conduits:conduit,mcl_conduits,1.13,yes,mods/ITEMS/mcl_conduits/init.lua
node,mcl_ocean:,mcl_ocean,1.13,yes,mods/ITEMS/mcl_ocean/corals.lua
node,mcl_ocean:dead_,mcl_ocean,1.13,yes,mods/ITEMS/mcl_ocean/corals.lua
craftitem,mcl_ocean:dried_kelp,mcl_ocean,1.13,yes,mods/ITEMS/mcl_ocean/kelp.lua
node,mcl_ocean:dried_kelp_block,mcl_ocean,1.13,yes,mods/ITEMS/mcl_ocean/kelp.lua
craftitem,mcl_ocean:kelp,mcl_ocean,1.13,yes,mods/ITEMS/mcl_ocean/kelp.lua
node,mcl_ocean:sea_pickle_,mcl_ocean,1.13,yes,mods/ITEMS/mcl_ocean/sea_pickle.lua
craftitem,mcl_ocean:seagrass,mcl_ocean,1.13,yes,mods/ITEMS/mcl_ocean/seagrass.lua
node,mcl_ocean:seagrass_,mcl_ocean,1.13,yes,mods/ITEMS/mcl_ocean/seagrass.lua
structure,cold_ocean_ruins,mcl_structures,1.13,yes,mods/MAPGEN/mcl_structures/ocean_ruins.lua
structure,shipwreck,mcl_structures,1.13,yes,mods/MAPGEN/mcl_structures/shipwrecks.lua
structure,warm_ocean_ruins,mcl_structures,1.13,yes,mods/MAPGEN/mcl_structures/ocean_ruins.lua
tool,mcl_tridents:trident,mcl_tridents,1.13,yes,mods/ITEMS/mcl_tridents/init.lua
entity,mcl_tridents:trident,mcl_tridents,1.13,yes,mods/ITEMS/mcl_tridents/init.lua
entity,mcl_tridents:trident_clip,mcl_tridents,1.13,yes,mods/ITEMS/mcl_tridents/init.lua
mob,mobs_mc:baby_drowned,mobs_mc,1.13,yes,mods/ENTITIES/mobs_mc/drowned.lua
mob,mobs_mc:cod,mobs_mc,1.13,yes,mods/ENTITIES/mobs_mc/cod.lua
egg,mobs_mc:cod,mobs_mc,1.13,yes,mods/ENTITIES/mobs_mc/cod.lua
mob,mobs_mc:dolphin,mobs_mc,1.13,yes,mods/ENTITIES/mobs_mc/dolphin.lua
egg,mobs_mc:dolphin,mobs_mc,1.13,yes,mods/ENTITIES/mobs_mc/dolphin.lua
mob,mobs_mc:drowned,mobs_mc,1.13,yes,mods/ENTITIES/mobs_mc/drowned.lua
egg,mobs_mc:drowned,mobs_mc,1.13,yes,mods/ENTITIES/mobs_mc/drowned.lua
mob,mobs_mc:pufferfish,mobs_mc,1.13,yes,mods/ENTITIES/mobs_mc/pufferfish.lua
egg,mobs_mc:pufferfish,mobs_mc,1.13,yes,mods/ENTITIES/mobs_mc/pufferfish.lua
mob,mobs_mc:salmon,mobs_mc,1.13,yes,mods/ENTITIES/mobs_mc/salmon.lua
egg,mobs_mc:salmon,mobs_mc,1.13,yes,mods/ENTITIES/mobs_mc/salmon.lua
mob,mobs_mc:tropical_fish,mobs_mc,1.13,yes,mods/ENTITIES/mobs_mc/tropical_fish.lua
egg,mobs_mc:tropical_fish,mobs_mc,1.13,yes,mods/ENTITIES/mobs_mc/tropical_fish.lua
wood,bamboo,mcl_bamboo,1.14-1.15,yes,mods/ITEMS/mcl_bamboo/init.lua
node,mcl_bamboo:bamboo_big,mcl_bamboo,1.14-1.15,yes,mods/ITEMS/mcl_bamboo/nodes.lua
node,mcl_bamboo:bamboo_big_leafbig,mcl_bamboo,1.14-1.15,yes,mods/ITEMS/mcl_bamboo/nodes.lua
node,mcl_bamboo:bamboo_big_leafsmall,mcl_bamboo,1.14-1.15,yes,mods/ITEMS/mcl_bamboo/nodes.lua
node,mcl_bamboo:bamboo_mosaic,mcl_bamboo,1.14-1.15,yes,mods/ITEMS/mcl_bamboo/nodes.lua
node,mcl_bamboo:bamboo_shoot,mcl_bamboo,1.14-1.15,yes,mods/ITEMS/mcl_bamboo/nodes.lua
node,mcl_bamboo:bamboo_small,mcl_bamboo,1.14-1.15,yes,mods/ITEMS/mcl_bamboo/nodes.lua
node,mcl_bamboo:bamboo_small_leafbig,mcl_bamboo,1.14-1.15,yes,mods/ITEMS/mcl_bamboo/nodes.lua
node,mcl_bamboo:bamboo_small_leafsmall,mcl_bamboo,1.14-1.15,yes,mods/ITEMS/mcl_bamboo/nodes.lua
node,mcl_bamboo:scaffolding,mcl_bamboo,1.14-1.15,yes,mods/ITEMS/mcl_bamboo/nodes.lua
node,mcl_bamboo:scaffolding_horizontal,mcl_bamboo,1.14-1.15,yes,mods/ITEMS/mcl_bamboo/nodes.lua
craftitem,mcl_boats:boat_bamboo,mcl_bamboo,1.14-1.15,yes,mods/ITEMS/mcl_bamboo/init.lua
craftitem,mcl_boats:boat_bamboo_chest,mcl_bamboo,1.14-1.15,yes,mods/ITEMS/mcl_bamboo/init.lua
node,mcl_buttons:button_bamboo_off,mcl_bamboo,1.14-1.15,yes,mods/ITEMS/mcl_bamboo/init.lua
node,mcl_buttons:button_bamboo_on,mcl_bamboo,1.14-1.15,yes,mods/ITEMS/mcl_bamboo/init.lua
node,mcl_fences:bamboo_fence,mcl_bamboo,1.14-1.15,yes,mods/ITEMS/mcl_bamboo/init.lua
node,mcl_fences:bamboo_fence_gate,mcl_bamboo,1.14-1.15,yes,mods/ITEMS/mcl_bamboo/init.lua
node,mcl_fences:bamboo_fence_gate_open,mcl_bamboo,1.14-1.15,yes,mods/ITEMS/mcl_bamboo/init.lua
node,mcl_flowerpots:flower_pot_sapling_bamboo,mcl_bamboo,1.14-1.15,yes,mods/ITEMS/mcl_bamboo/init.lua
node,mcl_pressureplates:pressure_plate_bamboo_off,mcl_bamboo,1.14-1.15,yes,mods/ITEMS/mcl_bamboo/init.lua
node,mcl_pressureplates:pressure_plate_bamboo_on,mcl_bamboo,1.14-1.15,yes,mods/ITEMS/mcl_bamboo/init.lua
node,mcl_signs:hanging_sign_attached_bamboo,mcl_bamboo,1.14-1.15,yes,mods/ITEMS/mcl_bamboo/init.lua
node,mcl_signs:hanging_sign_bamboo,mcl_bamboo,1.14-1.15,yes,mods/ITEMS/mcl_bamboo/init.lua
node,mcl_signs:hanging_sign_wall_bamboo,mcl_bamboo,1.14-1.15,yes,mods/ITEMS/mcl_bamboo/init.lua
node,mcl_signs:standing_sign_bamboo,mcl_bamboo,1.14-1.15,yes,mods/ITEMS/mcl_bamboo/init.lua
node,mcl_signs:wall_sign_bamboo,mcl_bamboo,1.14-1.15,yes,mods/ITEMS/mcl_bamboo/init.lua
node,mcl_stairs:slab_bamboo,mcl_bamboo,1.14-1.15,yes,mods/ITEMS/mcl_bamboo/init.lua
node,mcl_stairs:slab_bamboo_double,mcl_bamboo,1.14-1.15,yes,mods/ITEMS/mcl_bamboo/init.lua
node,mcl_stairs:slab_bamboo_top,mcl_bamboo,1.14-1.15,yes,mods/ITEMS/mcl_bamboo/init.lua
node,mcl_stairs:stair_bamboo,mcl_bamboo,1.14-1.15,yes,mods/ITEMS/mcl_bamboo/init.lua
node,mcl_trees:bark_bamboo,mcl_bamboo,1.14-1.15,yes,mods/ITEMS/mcl_bamboo/init.lua
node,mcl_trees:bark_stripped_bamboo,mcl_bamboo,1.14-1.15,yes,mods/ITEMS/mcl_bamboo/init.lua
node,mcl_trees:leaves_bamboo,mcl_bamboo,1.14-1.15,yes,mods/ITEMS/mcl_bamboo/init.lua
node,mcl_trees:leaves_bamboo_orphan,mcl_bamboo,1.14-1.15,yes,mods/ITEMS/mcl_bamboo/init.lua
node,mcl_trees:sapling_bamboo,mcl_bamboo,1.14-1.15,yes,mods/ITEMS/mcl_bamboo/init.lua
node,mcl_trees:stripped_bamboo,mcl_bamboo,1.14-1.15,yes,mods/ITEMS/mcl_bamboo/init.lua
node,mcl_trees:tree_bamboo,mcl_bamboo,1.14-1.15,yes,mods/ITEMS/mcl_bamboo/init.lua
node,mcl_trees:wood_bamboo,mcl_bamboo,1.14-1.15,yes,mods/ITEMS/mcl_bamboo/init.lua
node,mcl_barrels:barrel_closed,mcl_barrels,1.14-1.15,yes,mods/ITEMS/mcl_barrels/init.lua
node,mcl_barrels:barrel_open,mcl_barrels,1.14-1.15,yes,mods/ITEMS/mcl_barrels/init.lua
node,mcl_beehives:bee_nest,mcl_beehives,1.14-1.15,yes,mods/ITEMS/mcl_beehives/init.lua
node,mcl_beehives:bee_nest_5,mcl_beehives,1.14-1.15,yes,mods/ITEMS/mcl_beehives/init.lua
node,mcl_beehives:beehive,mcl_beehives,1.14-1.15,yes,mods/ITEMS/mcl_beehives/init.lua
node,mcl_beehives:beehive_5,mcl_beehives,1.14-1.15,yes,mods/ITEMS/mcl_beehives/init.lua
node,mcl_bells:bell,mcl_bells,1.14-1.15,yes,mods/ITEMS/mcl_bells/init.lua
node,mcl_bells:bell_ceiling,mcl_bells,1.14-1.15,yes,mods/ITEMS/mcl_bells/init.lua
entity,mcl_bells:bell_ent,mcl_bells,1.14-1.15,yes,mods/ITEMS/mcl_bells/init.lua
node,mcl_bells:bell_wall,mcl_bells,1.14-1.15,yes,mods/ITEMS/mcl_bells/init.lua
biome,BambooJungle,mcl_biomes,1.14-1.15,yes,mods/MAPGEN/mcl_biomes/init.lua
entity,mcl_campfires:food_entity,mcl_campfires,1.14-1.15,yes,mods/ITEMS/mcl_campfires/api.lua
node,mcl_cartography_table:cartography_table,mcl_cartography_table,1.14-1.15,yes,mods/ITEMS/mcl_cartography_table/init.lua
node,mcl_composters:composter,mcl_composters,1.14-1.15,yes,mods/ITEMS/mcl_composters/init.lua
node,mcl_composters:composter_ready,mcl_composters,1.14-1.15,yes,mods/ITEMS/mcl_composters/init.lua
node,mcl_fletching_table:fletching_table,mcl_fletching_table,1.14-1.15,yes,mods/ITEMS/mcl_fletching_table/init.lua
node,mcl_grindstone:grindstone,mcl_grindstone,1.14-1.15,yes,mods/ITEMS/mcl_grindstone/init.lua
node,mcl_honey:honey_block,mcl_honey,1.14-1.15,yes,mods/ITEMS/mcl_honey/init.lua
craftitem,mcl_honey:honey_bottle,mcl_honey,1.14-1.15,yes,mods/ITEMS/mcl_honey/init.lua
craftitem,mcl_honey:honeycomb,mcl_honey,1.14-1.15,yes,mods/ITEMS/mcl_honey/init.lua
node,mcl_honey:honeycomb_block,mcl_honey,1.14-1.15,yes,mods/ITEMS/mcl_honey/init.lua
node,:mcl_lanterns:,mcl_lanterns,1.14-1.15,yes,mods/ITEMS/mcl_lanterns/init.lua
node,mcl_lectern:lectern,mcl_lectern,1.14-1.15,yes,mods/ITEMS/mcl_lectern/init.lua
node,mcl_lectern:lectern_with_book,mcl_lectern,1.14-1.15,yes,mods/ITEMS/mcl_lectern/init.lua
node,mcl_loom:loom,mcl_loom,1.14-1.15,yes,mods/ITEMS/mcl_loom/init.lua
entity,:mcl_raids:ominous_banner,mcl_raids,1.14-1.15,yes,mods/ENVIRONMENT/mcl_raids/init.lua
node,mcl_smithing_table:table,mcl_smithing_table,1.14-1.15,yes,mods/ITEMS/mcl_smithing_table/init.lua
node,mcl_stonecutter:stonecutter,mcl_stonecutter,1.14-1.15,yes,mods/ITEMS/mcl_stonecutter/init.lua
structure,pillager_outpost,mcl_structures,1.14-1.15,yes,mods/MAPGEN/mcl_structures/pillager_outpost.lua
craftitem,mcl_sus_stew:stew,mcl_sus_stew,1.14-1.15,yes,mods/ITEMS/mcl_sus_stew/init.lua
node,mcl_villages:building_block,mcl_villages,1.14-1.15,yes,mods/MAPGEN/mcl_villages/init.lua
node,mcl_villages:crop_,mcl_villages,1.14-1.15,yes,mods/MAPGEN/mcl_villages/init.lua
node,mcl_villages:demo_poi,mcl_villages,1.14-1.15,yes,mods/MAPGEN/mcl_villages/pois.lua
node,mcl_villages:no_paths,mcl_villages,1.14-1.15,yes,mods/MAPGEN/mcl_villages/init.lua
node,mcl_villages:path_endpoint,mcl_villages,1.14-1.15,yes,mods/MAPGEN/mcl_villages/init.lua
node,mcl_villages:village_block,mcl_villages,1.14-1.15,yes,mods/MAPGEN/mcl_villages/init.lua
mob,mobs_mc:cat,mobs_mc,1.14-1.15,yes,mods/ENTITIES/mobs_mc/ocelot.lua
egg,mobs_mc:cat,mobs_mc,1.14-1.15,yes,mods/ENTITIES/mobs_mc/ocelot.lua
mob,mobs_mc:illusioner,mobs_mc,1.14-1.15,yes,mods/ENTITIES/mobs_mc/villager_illusioner.lua
egg,mobs_mc:illusioner,mobs_mc,1.14-1.15,yes,mods/ENTITIES/mobs_mc/villager_illusioner.lua
mob,mobs_mc:pillager,mobs_mc,1.14-1.15,yes,mods/ENTITIES/mobs_mc/pillager.lua
egg,mobs_mc:pillager,mobs_mc,1.14-1.15,yes,mods/ENTITIES/mobs_mc/pillager.lua
mob,mobs_mc:ravager,mobs_mc,1.14-1.15,yes,mods/ENTITIES/mobs_mc/ravager.lua
egg,mobs_mc:ravager,mobs_mc,1.14-1.15,yes,mods/ENTITIES/mobs_mc/ravager.lua
mob,mobs_mc:trader_llama,mobs_mc,1.14-1.15,yes,mods/ENTITIES/mobs_mc/wandering_trader.lua
egg,mobs_mc:trader_llama,mobs_mc,1.14-1.15,yes,mods/ENTITIES/mobs_mc/wandering_trader.lua
mob,mobs_mc:wandering_trader,mobs_mc,1.14-1.15,yes,mods/ENTITIES/mobs_mc/wandering_trader.lua
egg,mobs_mc:wandering_trader,mobs_mc,1.14-1.15,yes,mods/ENTITIES/mobs_mc/wandering_trader.lua
node,mcl_beds:respawn_anchor,mcl_beds,1.16,yes,mods/ITEMS/mcl_beds/respawn_anchor.lua
node,mcl_blackstone:basalt,mcl_blackstone,1.16,yes,mods/ITEMS/mcl_blackstone/init.lua
node,mcl_blackstone:basalt_polished,mcl_blackstone,1.16,yes,mods/ITEMS/mcl_blackstone/init.lua
node,mcl_blackstone:basalt_smooth,mcl_blackstone,1.16,yes,mods/ITEMS/mcl_blackstone/init.lua
node,mcl_blackstone:blackstone,mcl_blackstone,1.16,yes,mods/ITEMS/mcl_blackstone/init.lua
node,mcl_blackstone:blackstone_brick_polished,mcl_blackstone,1.16,yes,mods/ITEMS/mcl_blackstone/init.lua
node,mcl_blackstone:blackstone_brick_polished_cracked,mcl_blackstone,1.16,yes,mods/ITEMS/mcl_blackstone/init.lua
node,mcl_blackstone:blackstone_chiseled_polished,mcl_blackstone,1.16,yes,mods/ITEMS/mcl_blackstone/init.lua
node,mcl_blackstone:blackstone_gilded,mcl_blackstone,1.16,yes,mods/ITEMS/mcl_blackstone/init.lua
node,mcl_blackstone:blackstone_polished,mcl_blackstone,1.16,yes,mods/ITEMS/mcl_blackstone/init.lua
node,mcl_blackstone:nether_gold,mcl_blackstone,1.16,yes,mods/ITEMS/mcl_blackstone/init.lua
node,mcl_blackstone:quartz_brick,mcl_blackstone,1.16,yes,mods/ITEMS/mcl_blackstone/init.lua
node,mcl_blackstone:soul_fire,mcl_blackstone,1.16,yes,mods/ITEMS/mcl_blackstone/init.lua
node,mcl_blackstone:soul_soil,mcl_blackstone,1.16,yes,mods/ITEMS/mcl_blackstone/init.lua
craftitem,mcl_compass:compass_lodestone,mcl_compass,1.16,yes,mods/ITEMS/mcl_compass/init.lua
wood,crimson,mcl_crimson,1.16,yes,mods/ITEMS/mcl_crimson/init.lua
craftitem,mcl_boats:boat_crimson,mcl_crimson,1.16,yes,mods/ITEMS/mcl_crimson/init.lua
craftitem,mcl_boats:boat_crimson_chest,mcl_crimson,1.16,yes,mods/ITEMS/mcl_crimson/init.lua
craftitem,mcl_boats:boat_warped,mcl_crimson,1.16,yes,mods/ITEMS/mcl_crimson/init.lua
craftitem,mcl_boats:boat_warped_chest,mcl_crimson,1.16,yes,mods/ITEMS/mcl_crimson/init.lua
node,mcl_buttons:button_crimson_off,mcl_crimson,1.16,yes,mods/ITEMS/mcl_crimson/init.lua
node,mcl_buttons:button_crimson_on,mcl_crimson,1.16,yes,mods/ITEMS/mcl_crimson/init.lua
node,mcl_buttons:button_warped_off,mcl_crimson,1.16,yes,mods/ITEMS/mcl_crimson/init.lua
node,mcl_buttons:button_warped_on,mcl_crimson,1.16,yes,mods/ITEMS/mcl_crimson/init.lua
node,mcl_crimson:crimson_fungus,mcl_crimson,1.16,yes,mods/ITEMS/mcl_crimson/init.lua
node,mcl_crimson:crimson_nylium,mcl_crimson,1.16,yes,mods/ITEMS/mcl_crimson/init.lua
node,mcl_crimson:crimson_roots,mcl_crimson,1.16,yes,mods/ITEMS/mcl_crimson/init.lua
node,mcl_crimson:nether_sprouts,mcl_crimson,1.16,yes,mods/ITEMS/mcl_crimson/init.lua
node,mcl_crimson:shroomlight,mcl_crimson,1.16,yes,mods/ITEMS/mcl_crimson/init.lua
node,mcl_crimson:warped_fungus,mcl_crimson,1.16,yes,mods/ITEMS/mcl_crimson/init.lua
node,mcl_crimson:warped_nylium,mcl_crimson,1.16,yes,mods/ITEMS/mcl_crimson/init.lua
node,mcl_crimson:warped_roots,mcl_crimson,1.16,yes,mods/ITEMS/mcl_crimson/init.lua
node,mcl_crimson:warped_wart_block,mcl_crimson,1.16,yes,mods/ITEMS/mcl_crimson/init.lua
node,mcl_fences:crimson_fence,mcl_crimson,1.16,yes,mods/ITEMS/mcl_crimson/init.lua
node,mcl_fences:crimson_fence_gate,mcl_crimson,1.16,yes,mods/ITEMS/mcl_crimson/init.lua
node,mcl_fences:crimson_fence_gate_open,mcl_crimson,1.16,yes,mods/ITEMS/mcl_crimson/init.lua
node,mcl_fences:warped_fence,mcl_crimson,1.16,yes,mods/ITEMS/mcl_crimson/init.lua
node,mcl_fences:warped_fence_gate,mcl_crimson,1.16,yes,mods/ITEMS/mcl_crimson/init.lua
node,mcl_fences:warped_fence_gate_open,mcl_crimson,1.16,yes,mods/ITEMS/mcl_crimson/init.lua
node,mcl_flowerpots:flower_pot_sapling_crimson,mcl_crimson,1.16,yes,mods/ITEMS/mcl_crimson/init.lua
node,mcl_flowerpots:flower_pot_sapling_warped,mcl_crimson,1.16,yes,mods/ITEMS/mcl_crimson/init.lua
node,mcl_pressureplates:pressure_plate_crimson_off,mcl_crimson,1.16,yes,mods/ITEMS/mcl_crimson/init.lua
node,mcl_pressureplates:pressure_plate_crimson_on,mcl_crimson,1.16,yes,mods/ITEMS/mcl_crimson/init.lua
node,mcl_pressureplates:pressure_plate_warped_off,mcl_crimson,1.16,yes,mods/ITEMS/mcl_crimson/init.lua
node,mcl_pressureplates:pressure_plate_warped_on,mcl_crimson,1.16,yes,mods/ITEMS/mcl_crimson/init.lua
node,mcl_signs:hanging_sign_attached_crimson,mcl_crimson,1.16,yes,mods/ITEMS/mcl_crimson/init.lua
node,mcl_signs:hanging_sign_attached_warped,mcl_crimson,1.16,yes,mods/ITEMS/mcl_crimson/init.lua
node,mcl_signs:hanging_sign_crimson,mcl_crimson,1.16,yes,mods/ITEMS/mcl_crimson/init.lua
node,mcl_signs:hanging_sign_wall_crimson,mcl_crimson,1.16,yes,mods/ITEMS/mcl_crimson/init.lua
node,mcl_signs:hanging_sign_wall_warped,mcl_crimson,1.16,yes,mods/ITEMS/mcl_crimson/init.lua
node,mcl_signs:hanging_sign_warped,mcl_crimson,1.16,yes,mods/ITEMS/mcl_crimson/init.lua
node,mcl_signs:standing_sign_crimson,mcl_crimson,1.16,yes,mods/ITEMS/mcl_crimson/init.lua
node,mcl_signs:standing_sign_warped,mcl_crimson,1.16,yes,mods/ITEMS/mcl_crimson/init.lua
node,mcl_signs:wall_sign_crimson,mcl_crimson,1.16,yes,mods/ITEMS/mcl_crimson/init.lua
node,mcl_signs:wall_sign_warped,mcl_crimson,1.16,yes,mods/ITEMS/mcl_crimson/init.lua
node,mcl_stairs:slab_crimson,mcl_crimson,1.16,yes,mods/ITEMS/mcl_crimson/init.lua
node,mcl_stairs:slab_crimson_double,mcl_crimson,1.16,yes,mods/ITEMS/mcl_crimson/init.lua
node,mcl_stairs:slab_crimson_top,mcl_crimson,1.16,yes,mods/ITEMS/mcl_crimson/init.lua
node,mcl_stairs:slab_warped,mcl_crimson,1.16,yes,mods/ITEMS/mcl_crimson/init.lua
node,mcl_stairs:slab_warped_double,mcl_crimson,1.16,yes,mods/ITEMS/mcl_crimson/init.lua
node,mcl_stairs:slab_warped_top,mcl_crimson,1.16,yes,mods/ITEMS/mcl_crimson/init.lua
node,mcl_stairs:stair_crimson,mcl_crimson,1.16,yes,mods/ITEMS/mcl_crimson/init.lua
node,mcl_stairs:stair_warped,mcl_crimson,1.16,yes,mods/ITEMS/mcl_crimson/init.lua
node,mcl_trees:bark_crimson,mcl_crimson,1.16,yes,mods/ITEMS/mcl_crimson/init.lua
node,mcl_trees:bark_stripped_crimson,mcl_crimson,1.16,yes,mods/ITEMS/mcl_crimson/init.lua
node,mcl_trees:bark_stripped_warped,mcl_crimson,1.16,yes,mods/ITEMS/mcl_crimson/init.lua
node,mcl_trees:bark_warped,mcl_crimson,1.16,yes,mods/ITEMS/mcl_crimson/init.lua
node,mcl_trees:leaves_crimson,mcl_crimson,1.16,yes,mods/ITEMS/mcl_crimson/init.lua
node,mcl_trees:leaves_crimson_orphan,mcl_crimson,1.16,yes,mods/ITEMS/mcl_crimson/init.lua
node,mcl_trees:leaves_warped,mcl_crimson,1.16,yes,mods/ITEMS/mcl_crimson/init.lua
node,mcl_trees:leaves_warped_orphan,mcl_crimson,1.16,yes,mods/ITEMS/mcl_crimson/init.lua
node,mcl_trees:sapling_crimson,mcl_crimson,1.16,yes,mods/ITEMS/mcl_crimson/init.lua
node,mcl_trees:sapling_warped,mcl_crimson,1.16,yes,mods/ITEMS/mcl_crimson/init.lua
node,mcl_trees:stripped_crimson,mcl_crimson,1.16,yes,mods/ITEMS/mcl_crimson/init.lua
node,mcl_trees:stripped_warped,mcl_crimson,1.16,yes,mods/ITEMS/mcl_crimson/init.lua
node,mcl_trees:tree_crimson,mcl_crimson,1.16,yes,mods/ITEMS/mcl_crimson/init.lua
node,mcl_trees:tree_warped,mcl_crimson,1.16,yes,mods/ITEMS/mcl_crimson/init.lua
node,mcl_trees:wood_crimson,mcl_crimson,1.16,yes,mods/ITEMS/mcl_crimson/init.lua
node,mcl_trees:wood_warped,mcl_crimson,1.16,yes,mods/ITEMS/mcl_crimson/init.lua
wood,warped,mcl_crimson,1.16,yes,mods/ITEMS/mcl_crimson/init.lua
node,mcl_nether:ancient_debris,mcl_nether,1.16,yes,mods/ITEMS/mcl_nether/init.lua
craftitem,mcl_nether:netherite_ingot,mcl_nether,1.16,yes,mods/ITEMS/mcl_nether/init.lua
craftitem,mcl_nether:netherite_scrap,mcl_nether,1.16,yes,mods/ITEMS/mcl_nether/init.lua
craftitem,mcl_nether:netherite_upgrade_template,mcl_nether,1.16,yes,mods/ITEMS/mcl_nether/init.lua
node,mcl_nether:netheriteblock,mcl_nether,1.16,yes,mods/ITEMS/mcl_nether/init.lua
structure,ruined_portal_nether,mcl_structures,1.16,yes,mods/MAPGEN/mcl_structures/ruined_portal.lua
structure,ruined_portal_overworld,mcl_structures,1.16,yes,mods/MAPGEN/mcl_structures/ruined_portal.lua
node,mcl_target:target_off,mcl_target,1.16,yes,mods/ITEMS/REDSTONE/mcl_target/init.lua
node,mcl_target:target_on,mcl_target,1.16,yes,mods/ITEMS/REDSTONE/mcl_target/init.lua
mob,mobs_mc:baby_hoglin,mobs_mc,1.16,yes,mods/ENTITIES/mobs_mc/hoglin+zoglin.lua
mob,mobs_mc:baby_strider,mobs_mc,1.16,yes,mods/ENTITIES/mobs_mc/strider.lua
mob,mobs_mc:baby_zoglin,mobs_mc,1.16,yes,mods/ENTITIES/mobs_mc/hoglin+zoglin.lua
mob,mobs_mc:hoglin,mobs_mc,1.16,yes,mods/ENTITIES/mobs_mc/hoglin+zoglin.lua
egg,mobs_mc:hoglin,mobs_mc,1.16,yes,mods/ENTITIES/mobs_mc/hoglin+zoglin.lua
mob,mobs_mc:piglin,mobs_mc,1.16,yes,mods/ENTITIES/mobs_mc/piglin.lua
egg,mobs_mc:piglin,mobs_mc,1.16,yes,mods/ENTITIES/mobs_mc/piglin.lua
mob,mobs_mc:piglin_brute,mobs_mc,1.16,yes,mods/ENTITIES/mobs_mc/piglin.lua
egg,mobs_mc:piglin_brute,mobs_mc,1.16,yes,mods/ENTITIES/mobs_mc/piglin.lua
mob,mobs_mc:strider,mobs_mc,1.16,yes,mods/ENTITIES/mobs_mc/strider.lua
egg,mobs_mc:strider,mobs_mc,1.16,yes,mods/ENTITIES/mobs_mc/strider.lua
mob,mobs_mc:zoglin,mobs_mc,1.16,yes,mods/ENTITIES/mobs_mc/hoglin+zoglin.lua
mob,mobs_mc:zombified_piglin,mobs_mc,1.16,yes,mods/ENTITIES/mobs_mc/piglin.lua
egg,mobs_mc:zombified_piglin,mobs_mc,1.16,yes,mods/ENTITIES/mobs_mc/piglin.lua
node,mcl_amethyst:,mcl_amethyst,1.17-1.18,yes,mods/ITEMS/mcl_amethyst/init.lua
node,mcl_amethyst:amethyst_block,mcl_amethyst,1.17-1.18,yes,mods/ITEMS/mcl_amethyst/init.lua
node,mcl_amethyst:amethyst_cluster,mcl_amethyst,1.17-1.18,yes,mods/ITEMS/mcl_amethyst/init.lua
craftitem,mcl_amethyst:amethyst_shard,mcl_amethyst,1.17-1.18,yes,mods/ITEMS/mcl_amethyst/init.lua
node,mcl_amethyst:budding_amethyst_block,mcl_amethyst,1.17-1.18,yes,mods/ITEMS/mcl_amethyst/init.lua
node,mcl_amethyst:calcite,mcl_amethyst,1.17-1.18,yes,mods/ITEMS/mcl_amethyst/init.lua
node,mcl_amethyst:tinted_glass,mcl_amethyst,1.17-1.18,yes,mods/ITEMS/mcl_amethyst/init.lua
biome,DripstoneCave,mcl_biomes,1.17-1.18,yes,mods/MAPGEN/mcl_biomes/init.lua
biome,Grove,mcl_biomes,1.17-1.18,yes,mods/MAPGEN/mcl_biomes/init.lua
biome,LushCaves,mcl_biomes,1.17-1.18,yes,mods/MAPGEN/mcl_biomes/init.lua
node,mcl_candles:candle_,mcl_candles,1.17-1.18,yes,mods/ITEMS/mcl_candles/init.lua
node,mcl_candles:candle_cake,mcl_candles,1.17-1.18,yes,mods/ITEMS/mcl_candles/init.lua
node,mcl_candles:candle_cake_lit,mcl_candles,1.17-1.18,yes,mods/ITEMS/mcl_candles/init.lua
node,mcl_candles:candle_lit_,mcl_candles,1.17-1.18,yes,mods/ITEMS/mcl_candles/init.lua
node,mcl_copper:block,mcl_copper,1.17-1.18,yes,mods/ITEMS/mcl_copper/nodes.lua
node,mcl_copper:block_raw,mcl_copper,1.17-1.18,yes,mods/ITEMS/mcl_copper/nodes.lua
node,mcl_copper:bulb,mcl_copper,1.17-1.18,yes,mods/ITEMS/mcl_copper/nodes.lua
craftitem,mcl_copper:copper_ingot,mcl_copper,1.17-1.18,yes,mods/ITEMS/mcl_copper/items.lua
craftitem,mcl_copper:copper_nugget,mcl_copper,1.17-1.18,yes,mods/ITEMS/mcl_copper/items.lua
craftitem,mcl_copper:raw_copper,mcl_copper,1.17-1.18,yes,mods/ITEMS/mcl_copper/items.lua
node,mcl_copper:stone_with_copper,mcl_copper,1.17-1.18,yes,mods/ITEMS/mcl_copper/nodes.lua
node,mcl_deepslate:deepslate,mcl_deepslate,1.17-1.18,yes,mods/ITEMS/mcl_deepslate/deepslate.lua
node,mcl_deepslate:deepslate_reinforced,mcl_deepslate,1.17-1.18,yes,mods/ITEMS/mcl_deepslate/deepslate.lua
node,mcl_deepslate:tuff_chiseled,mcl_deepslate,1.17-1.18,yes,mods/ITEMS/mcl_deepslate/tuff.lua
node,mcl_deepslate:tuff_chiseled_bricks,mcl_deepslate,1.17-1.18,yes,mods/ITEMS/mcl_deepslate/tuff.lua
structure,dripstone_stalagmite,mcl_dripstone,1.17-1.18,yes,mods/ITEMS/mcl_dripstone/init.lua
structure,dripstone_stalagtite,mcl_dripstone,1.17-1.18,yes,mods/ITEMS/mcl_dripstone/init.lua
node,mcl_dripstone:dripstone_block,mcl_dripstone,1.17-1.18,yes,mods/ITEMS/mcl_dripstone/init.lua
node,mcl_dripstone:dripstone_bottom_,mcl_dripstone,1.17-1.18,yes,mods/ITEMS/mcl_dripstone/init.lua
node,mcl_dripstone:dripstone_top_,mcl_dripstone,1.17-1.18,yes,mods/ITEMS/mcl_dripstone/init.lua
craftitem,mcl_dripstone:pointed_dripstone,mcl_dripstone,1.17-1.18,yes,mods/ITEMS/mcl_dripstone/init.lua
node,mcl_lightning_rods:rod,mcl_lightning_rods,1.17-1.18,yes,mods/ITEMS/mcl_lightning_rods/init.lua
node,mcl_lightning_rods:rod_exposed,mcl_lightning_rods,1.17-1.18,yes,mods/ITEMS/mcl_lightning_rods/init.lua
node,mcl_lightning_rods:rod_exposed_powered,mcl_lightning_rods,1.17-1.18,yes,mods/ITEMS/mcl_lightning_rods/init.lua
node,mcl_lightning_rods:rod_oxidized,mcl_lightning_rods,1.17-1.18,yes,mods/ITEMS/mcl_lightning_rods/init.lua
node,mcl_lightning_rods:rod_oxidized_powered,mcl_lightning_rods,1.17-1.18,yes,mods/ITEMS/mcl_lightning_rods/init.lua
node,mcl_lightning_rods:rod_powered,mcl_lightning_rods,1.17-1.18,yes,mods/ITEMS/mcl_lightning_rods/init.lua
node,mcl_lightning_rods:rod_weathered,mcl_lightning_rods,1.17-1.18,yes,mods/ITEMS/mcl_lightning_rods/init.lua
node,mcl_lightning_rods:rod_weathered_powered,mcl_lightning_rods,1.17-1.18,yes,mods/ITEMS/mcl_lightning_rods/init.lua
node,:,mcl_lush_caves,1.17-1.18,yes,mods/ITEMS/mcl_lush_caves/nodes.lua
structure,azalea_tree,mcl_lush_caves,1.17-1.18,yes,mods/ITEMS/mcl_lush_caves/init.lua
structure,clay_pool,mcl_lush_caves,1.17-1.18,yes,mods/ITEMS/mcl_lush_caves/init.lua
node,mcl_lush_caves:azalea,mcl_lush_caves,1.17-1.18,yes,mods/ITEMS/mcl_lush_caves/nodes.lua
node,mcl_lush_caves:azalea_flowering,mcl_lush_caves,1.17-1.18,yes,mods/ITEMS/mcl_lush_caves/nodes.lua
node,mcl_lush_caves:cave_vines,mcl_lush_caves,1.17-1.18,yes,mods/ITEMS/mcl_lush_caves/nodes.lua
node,mcl_lush_caves:cave_vines_lit,mcl_lush_caves,1.17-1.18,yes,mods/ITEMS/mcl_lush_caves/nodes.lua
node,mcl_lush_caves:dripleaf_big,mcl_lush_caves,1.17-1.18,yes,mods/ITEMS/mcl_lush_caves/dripleaf.lua
node,mcl_lush_caves:dripleaf_big_stem,mcl_lush_caves,1.17-1.18,yes,mods/ITEMS/mcl_lush_caves/dripleaf.lua
node,mcl_lush_caves:dripleaf_big_tipped_full,mcl_lush_caves,1.17-1.18,yes,mods/ITEMS/mcl_lush_caves/dripleaf.lua
node,mcl_lush_caves:dripleaf_big_tipped_half,mcl_lush_caves,1.17-1.18,yes,mods/ITEMS/mcl_lush_caves/dripleaf.lua
node,mcl_lush_caves:dripleaf_small,mcl_lush_caves,1.17-1.18,yes,mods/ITEMS/mcl_lush_caves/dripleaf.lua
node,mcl_lush_caves:dripleaf_small_stem,mcl_lush_caves,1.17-1.18,yes,mods/ITEMS/mcl_lush_caves/dripleaf.lua
craftitem,mcl_lush_caves:glow_berry,mcl_lush_caves,1.17-1.18,yes,mods/ITEMS/mcl_lush_caves/nodes.lua
node,mcl_lush_caves:hanging_roots,mcl_lush_caves,1.17-1.18,yes,mods/ITEMS/mcl_lush_caves/nodes.lua
node,mcl_lush_caves:moss,mcl_lush_caves,1.17-1.18,yes,mods/ITEMS/mcl_lush_caves/nodes.lua
node,mcl_lush_caves:moss_carpet,mcl_lush_caves,1.17-1.18,yes,mods/ITEMS/mcl_lush_caves/nodes.lua
node,mcl_lush_caves:rooted_dirt,mcl_lush_caves,1.17-1.18,yes,mods/ITEMS/mcl_lush_caves/nodes.lua
node,mcl_lush_caves:spore_blossom,mcl_lush_caves,1.17-1.18,yes,mods/ITEMS/mcl_lush_caves/nodes.lua
node,mcl_powder_snow:powder_snow,mcl_powder_snow,1.17-1.18,yes,mods/ITEMS/mcl_powder_snow/init.lua
tool,mcl_spyglass:spyglass,mcl_spyglass,1.17-1.18,yes,mods/ITEMS/mcl_spyglass/init.lua
structure,geode,mcl_structures,1.17-1.18,yes,mods/MAPGEN/mcl_structures/geode.lua
mob,mobs_mc:axolotl,mobs_mc,1.17-1.18,yes,mods/ENTITIES/mobs_mc/axolotl.lua
egg,mobs_mc:axolotl,mobs_mc,1.17-1.18,yes,mods/ENTITIES/mobs_mc/axolotl.lua
mob,mobs_mc:glow_squid,mobs_mc,1.17-1.18,yes,mods/ENTITIES/mobs_mc/squid+glow_squid.lua
egg,mobs_mc:glow_squid,mobs_mc,1.17-1.18,yes,mods/ENTITIES/mobs_mc/squid+glow_squid.lua
biome,DeepDark,mcl_biomes,1.19,yes,mods/MAPGEN/mcl_biomes/init.lua
biome,MangroveSwamp,mcl_biomes,1.19,yes,mods/MAPGEN/mcl_biomes/init.lua
craftitem,mcl_compass:compass_recovery,mcl_compass,1.19,yes,mods/ITEMS/mcl_compass/init.lua
wood,mangrove,mcl_mangrove,1.19,yes,mods/ITEMS/mcl_mangrove/init.lua
craftitem,mcl_boats:boat_mangrove,mcl_mangrove,1.19,yes,mods/ITEMS/mcl_mangrove/init.lua
craftitem,mcl_boats:boat_mangrove_chest,mcl_mangrove,1.19,yes,mods/ITEMS/mcl_mangrove/init.lua
node,mcl_buttons:button_mangrove_off,mcl_mangrove,1.19,yes,mods/ITEMS/mcl_mangrove/init.lua
node,mcl_buttons:button_mangrove_on,mcl_mangrove,1.19,yes,mods/ITEMS/mcl_mangrove/init.lua
node,mcl_fences:mangrove_fence,mcl_mangrove,1.19,yes,mods/ITEMS/mcl_mangrove/init.lua
node,mcl_fences:mangrove_fence_gate,mcl_mangrove,1.19,yes,mods/ITEMS/mcl_mangrove/init.lua
node,mcl_fences:mangrove_fence_gate_open,mcl_mangrove,1.19,yes,mods/ITEMS/mcl_mangrove/init.lua
node,mcl_flowerpots:flower_pot_sapling_mangrove,mcl_mangrove,1.19,yes,mods/ITEMS/mcl_mangrove/init.lua
node,mcl_mangrove:mangrove_mud_roots,mcl_mangrove,1.19,yes,mods/ITEMS/mcl_mangrove/init.lua
node,mcl_mangrove:mangrove_roots,mcl_mangrove,1.19,yes,mods/ITEMS/mcl_mangrove/init.lua
node,mcl_mangrove:propagule,mcl_mangrove,1.19,yes,mods/ITEMS/mcl_mangrove/init.lua
node,mcl_mangrove:propagule_hanging_,mcl_mangrove,1.19,yes,mods/ITEMS/mcl_mangrove/init.lua
node,mcl_mangrove:river_water_logged_roots,mcl_mangrove,1.19,yes,mods/ITEMS/mcl_mangrove/init.lua
node,mcl_mangrove:water_logged_roots,mcl_mangrove,1.19,yes,mods/ITEMS/mcl_mangrove/init.lua
node,mcl_pressureplates:pressure_plate_mangrove_off,mcl_mangrove,1.19,yes,mods/ITEMS/mcl_mangrove/init.lua
node,mcl_pressureplates:pressure_plate_mangrove_on,mcl_mangrove,1.19,yes,mods/ITEMS/mcl_mangrove/init.lua
node,mcl_signs:hanging_sign_attached_mangrove,mcl_mangrove,1.19,yes,mods/ITEMS/mcl_mangrove/init.lua
node,mcl_signs:hanging_sign_mangrove,mcl_mangrove,1.19,yes,mods/ITEMS/mcl_mangrove/init.lua
node,mcl_signs:hanging_sign_wall_mangrove,mcl_mangrove,1.19,yes,mods/ITEMS/mcl_mangrove/init.lua
node,mcl_signs:standing_sign_mangrove,mcl_mangrove,1.19,yes,mods/ITEMS/mcl_mangrove/init.lua
node,mcl_signs:wall_sign_mangrove,mcl_mangrove,1.19,yes,mods/ITEMS/mcl_mangrove/init.lua
node,mcl_stairs:slab_mangrove,mcl_mangrove,1.19,yes,mods/ITEMS/mcl_mangrove/init.lua
node,mcl_stairs:slab_mangrove_double,mcl_mangrove,1.19,yes,mods/ITEMS/mcl_mangrove/init.lua
node,mcl_stairs:slab_mangrove_top,mcl_mangrove,1.19,yes,mods/ITEMS/mcl_mangrove/init.lua
node,mcl_stairs:stair_mangrove,mcl_mangrove,1.19,yes,mods/ITEMS/mcl_mangrove/init.lua
node,mcl_trees:bark_mangrove,mcl_mangrove,1.19,yes,mods/ITEMS/mcl_mangrove/init.lua
node,mcl_trees:bark_stripped_mangrove,mcl_mangrove,1.19,yes,mods/ITEMS/mcl_mangrove/init.lua
node,mcl_trees:leaves_mangrove,mcl_mangrove,1.19,yes,mods/ITEMS/mcl_mangrove/init.lua
node,mcl_trees:leaves_mangrove_orphan,mcl_mangrove,1.19,yes,mods/ITEMS/mcl_mangrove/init.lua
node,mcl_trees:sapling_mangrove,mcl_mangrove,1.19,yes,mods/ITEMS/mcl_mangrove/init.lua
node,mcl_trees:stripped_mangrove,mcl_mangrove,1.19,yes,mods/ITEMS/mcl_mangrove/init.lua
node,mcl_trees:tree_mangrove,mcl_mangrove,1.19,yes,mods/ITEMS/mcl_mangrove/init.lua
node,mcl_trees:wood_mangrove,mcl_mangrove,1.19,yes,mods/ITEMS/mcl_mangrove/init.lua
node,mcl_mud:mud,mcl_mud,1.19,yes,mods/ITEMS/mcl_mud/init.lua
node,mcl_mud:mud_bricks,mcl_mud,1.19,yes,mods/ITEMS/mcl_mud/init.lua
node,mcl_mud:packed_mud,mcl_mud,1.19,yes,mods/ITEMS/mcl_mud/init.lua
node,mcl_sculk:catalyst,mcl_sculk,1.19,yes,mods/ITEMS/mcl_sculk/init.lua
craftitem,mcl_sculk:echo_shard,mcl_sculk,1.19,yes,mods/ITEMS/mcl_sculk/init.lua
node,mcl_sculk:sculk,mcl_sculk,1.19,yes,mods/ITEMS/mcl_sculk/init.lua
node,mcl_sculk:sensor,mcl_sculk,1.19,yes,mods/ITEMS/mcl_sculk/init.lua
node,mcl_sculk:shrieker,mcl_sculk,1.19,yes,mods/ITEMS/mcl_sculk/init.lua
node,mcl_sculk:vein,mcl_sculk,1.19,yes,mods/ITEMS/mcl_sculk/init.lua
biome,CherryGrove,mcl_biomes,1.20,yes,mods/MAPGEN/mcl_biomes/init.lua
wood,cherry_blossom,mcl_cherry_blossom,1.20,yes,mods/ITEMS/mcl_cherry_blossom/init.lua
craftitem,mcl_boats:boat_cherry_blossom,mcl_cherry_blossom,1.20,yes,mods/ITEMS/mcl_cherry_blossom/init.lua
craftitem,mcl_boats:boat_cherry_blossom_chest,mcl_cherry_blossom,1.20,yes,mods/ITEMS/mcl_cherry_blossom/init.lua
node,mcl_buttons:button_cherry_blossom_off,mcl_cherry_blossom,1.20,yes,mods/ITEMS/mcl_cherry_blossom/init.lua
node,mcl_buttons:button_cherry_blossom_on,mcl_cherry_blossom,1.20,yes,mods/ITEMS/mcl_cherry_blossom/init.lua
node,mcl_fences:cherry_blossom_fence,mcl_cherry_blossom,1.20,yes,mods/ITEMS/mcl_cherry_blossom/init.lua
node,mcl_fences:cherry_blossom_fence_gate,mcl_cherry_blossom,1.20,yes,mods/ITEMS/mcl_cherry_blossom/init.lua
node,mcl_fences:cherry_blossom_fence_gate_open,mcl_cherry_blossom,1.20,yes,mods/ITEMS/mcl_cherry_blossom/init.lua
node,mcl_flowerpots:flower_pot_sapling_cherry_blossom,mcl_cherry_blossom,1.20,yes,mods/ITEMS/mcl_cherry_blossom/init.lua
node,mcl_pressureplates:pressure_plate_cherry_blossom_off,mcl_cherry_blossom,1.20,yes,mods/ITEMS/mcl_cherry_blossom/init.lua
node,mcl_pressureplates:pressure_plate_cherry_blossom_on,mcl_cherry_blossom,1.20,yes,mods/ITEMS/mcl_cherry_blossom/init.lua
node,mcl_signs:hanging_sign_attached_cherry_blossom,mcl_cherry_blossom,1.20,yes,mods/ITEMS/mcl_cherry_blossom/init.lua
node,mcl_signs:hanging_sign_cherry_blossom,mcl_cherry_blossom,1.20,yes,mods/ITEMS/mcl_cherry_blossom/init.lua
node,mcl_signs:hanging_sign_wall_cherry_blossom,mcl_cherry_blossom,1.20,yes,mods/ITEMS/mcl_cherry_blossom/init.lua
node,mcl_signs:standing_sign_cherry_blossom,mcl_cherry_blossom,1.20,yes,mods/ITEMS/mcl_cherry_blossom/init.lua
node,mcl_signs:wall_sign_cherry_blossom,mcl_cherry_blossom,1.20,yes,mods/ITEMS/mcl_cherry_blossom/init.lua
node,mcl_stairs:slab_cherry_blossom,mcl_cherry_blossom,1.20,yes,mods/ITEMS/mcl_cherry_blossom/init.lua
node,mcl_stairs:slab_cherry_blossom_double,mcl_cherry_blossom,1.20,yes,mods/ITEMS/mcl_cherry_blossom/init.lua
node,mcl_stairs:slab_cherry_blossom_top,mcl_cherry_blossom,1.20,yes,mods/ITEMS/mcl_cherry_blossom/init.lua
node,mcl_stairs:stair_cherry_blossom,mcl_cherry_blossom,1.20,yes,mods/ITEMS/mcl_cherry_blossom/init.lua
node,mcl_trees:bark_cherry_blossom,mcl_cherry_blossom,1.20,yes,mods/ITEMS/mcl_cherry_blossom/init.lua
node,mcl_trees:bark_stripped_cherry_blossom,mcl_cherry_blossom,1.20,yes,mods/ITEMS/mcl_cherry_blossom/init.lua
node,mcl_trees:leaves_cherry_blossom,mcl_cherry_blossom,1.20,yes,mods/ITEMS/mcl_cherry_blossom/init.lua
node,mcl_trees:leaves_cherry_blossom_orphan,mcl_cherry_blossom,1.20,yes,mods/ITEMS/mcl_cherry_blossom/init.lua
node,mcl_trees:sapling_cherry_blossom,mcl_cherry_blossom,1.20,yes,mods/ITEMS/mcl_cherry_blossom/init.lua
node,mcl_trees:stripped_cherry_blossom,mcl_cherry_blossom,1.20,yes,mods/ITEMS/mcl_cherry_blossom/init.lua
node,mcl_trees:tree_cherry_blossom,mcl_cherry_blossom,1.20,yes,mods/ITEMS/mcl_cherry_blossom/init.lua
node,mcl_trees:wood_cherry_blossom,mcl_cherry_blossom,1.20,yes,mods/ITEMS/mcl_cherry_blossom/init.lua
craftitem,mcl_pottery_sherds:,mcl_pottery_sherds,1.20,yes,mods/ITEMS/mcl_pottery_sherds/init.lua
node,mcl_pottery_sherds:pot,mcl_pottery_sherds,1.20,yes,mods/ITEMS/mcl_pottery_sherds/init.lua
entity,mcl_pottery_sherds:pot_face,mcl_pottery_sherds,1.20,yes,mods/ITEMS/mcl_pottery_sherds/init.lua
tool,mcl_sus_nodes:brush,mcl_sus_nodes,1.20,yes,mods/ITEMS/mcl_sus_nodes/init.lua
entity,mcl_sus_nodes:item_entity,mcl_sus_nodes,1.20,yes,mods/ITEMS/mcl_sus_nodes/init.lua
biome,PaleGarden,mcl_biomes,1.21+,yes,mods/MAPGEN/mcl_biomes/init.lua
craftitem,mcl_boats:boat_pale_oak,mcl_pale_oak,1.21+,yes,mods/ITEMS/mcl_pale_oak/init.lua
craftitem,mcl_boats:boat_pale_oak_chest,mcl_pale_oak,1.21+,yes,mods/ITEMS/mcl_pale_oak/init.lua
node,mcl_buttons:button_pale_oak_off,mcl_pale_oak,1.21+,yes,mods/ITEMS/mcl_pale_oak/init.lua
node,mcl_buttons:button_pale_oak_on,mcl_pale_oak,1.21+,yes,mods/ITEMS/mcl_pale_oak/init.lua
node,mcl_fences:pale_oak_fence,mcl_pale_oak,1.21+,yes,mods/ITEMS/mcl_pale_oak/init.lua
node,mcl_fences:pale_oak_fence_gate,mcl_pale_oak,1.21+,yes,mods/ITEMS/mcl_pale_oak/init.lua
node,mcl_fences:pale_oak_fence_gate_open,mcl_pale_oak,1.21+,yes,mods/ITEMS/mcl_pale_oak/init.lua
node,mcl_flowerpots:flower_pot_sapling_pale_oak,mcl_pale_oak,1.21+,yes,mods/ITEMS/mcl_pale_oak/init.lua
node,mcl_pale_oak:block_of_resin,mcl_pale_oak,1.21+,yes,mods/ITEMS/mcl_pale_oak/resin_blocks.lua
node,mcl_pale_oak:chiseled_resin_brick,mcl_pale_oak,1.21+,yes,mods/ITEMS/mcl_pale_oak/resin_blocks.lua
node,mcl_pale_oak:hanging_moss,mcl_pale_oak,1.21+,yes,mods/ITEMS/mcl_pale_oak/plants.lua
node,mcl_pale_oak:hanging_moss_tip,mcl_pale_oak,1.21+,yes,mods/ITEMS/mcl_pale_oak/plants.lua
node,mcl_pale_oak:pale_moss,mcl_pale_oak,1.21+,yes,mods/ITEMS/mcl_pale_oak/plants.lua
node,mcl_pale_oak:pale_moss_carpet,mcl_pale_oak,1.21+,yes,mods/ITEMS/mcl_pale_oak/plants.lua
craftitem,mcl_pale_oak:resin_brick,mcl_pale_oak,1.21+,yes,mods/ITEMS/mcl_pale_oak/resin_blocks.lua
node,mcl_pale_oak:resin_brick_block,mcl_pale_oak,1.21+,yes,mods/ITEMS/mcl_pale_oak/resin_blocks.lua
craftitem,mcl_pale_oak:resin_clump,mcl_pale_oak,1.21+,yes,mods/ITEMS/mcl_pale_oak/resin_blocks.lua
node,mcl_pressureplates:pressure_plate_pale_oak_off,mcl_pale_oak,1.21+,yes,mods/ITEMS/mcl_pale_oak/init.lua
node,mcl_pressureplates:pressure_plate_pale_oak_on,mcl_pale_oak,1.21+,yes,mods/ITEMS/mcl_pale_oak/init.lua
node,mcl_signs:hanging_sign_attached_pale_oak,mcl_pale_oak,1.21+,yes,mods/ITEMS/mcl_pale_oak/init.lua
node,mcl_signs:hanging_sign_pale_oak,mcl_pale_oak,1.21+,yes,mods/ITEMS/mcl_pale_oak/init.lua
node,mcl_signs:hanging_sign_wall_pale_oak,mcl_pale_oak,1.21+,yes,mods/ITEMS/mcl_pale_oak/init.lua
node,mcl_signs:standing_sign_pale_oak,mcl_pale_oak,1.21+,yes,mods/ITEMS/mcl_pale_oak/init.lua
node,mcl_signs:wall_sign_pale_oak,mcl_pale_oak,1.21+,yes,mods/ITEMS/mcl_pale_oak/init.lua
node,mcl_stairs:slab_pale_oak,mcl_pale_oak,1.21+,yes,mods/ITEMS/mcl_pale_oak/init.lua
node,mcl_stairs:slab_pale_oak_double,mcl_pale_oak,1.21+,yes,mods/ITEMS/mcl_pale_oak/init.lua
node,mcl_stairs:slab_pale_oak_top,mcl_pale_oak,1.21+,yes,mods/ITEMS/mcl_pale_oak/init.lua
node,mcl_stairs:stair_pale_oak,mcl_pale_oak,1.21+,yes,mods/ITEMS/mcl_pale_oak/init.lua
node,mcl_trees:bark_pale_oak,mcl_pale_oak,1.21+,yes,mods/ITEMS/mcl_pale_oak/init.lua
node,mcl_trees:bark_stripped_pale_oak,mcl_pale_oak,1.21+,yes,mods/ITEMS/mcl_pale_oak/init.lua
node,mcl_trees:leaves_pale_oak,mcl_pale_oak,1.21+,yes,mods/ITEMS/mcl_pale_oak/init.lua
node,mcl_trees:leaves_pale_oak_orphan,mcl_pale_oak,1.21+,yes,mods/ITEMS/mcl_pale_oak/init.lua
node,mcl_trees:sapling_pale_oak,mcl_pale_oak,1.21+,yes,mods/ITEMS/mcl_pale_oak/init.lua
node,mcl_trees:stripped_pale_oak,mcl_pale_oak,1.21+,yes,mods/ITEMS/mcl_pale_oak/init.lua
node,mcl_trees:tree_pale_oak,mcl_pale_oak,1.21+,yes,mods/ITEMS/mcl_pale_oak/init.lua
node,mcl_trees:wood_pale_oak,mcl_pale_oak,1.21+,yes,mods/ITEMS/mcl_pale_oak/init.lua
wood,pale_oak,mcl_pale_oak,1.21+,yes,mods/ITEMS/mcl_pale_oak/init.lua
structure,ancient_hermitage,mcl_structures,1.21+,yes,mods/MAPGEN/mcl_structures/ancient_hermitage.lua
node,mcl_tools:heavy_core,mcl_tools,1.21+,yes,mods/ITEMS/mcl_tools/mace.lua
tool,mcl_tools:mace,mcl_tools,1.21+,yes,mods/ITEMS/mcl_tools/mace.lua
entity,mcl_trial_spawners:ominous_item_spawner,mcl_trial_spawners,1.21+,yes,mods/ITEMS/mcl_trial_spawners/item_spawner.lua
node,mcl_trial_spawners:ominous_trialspawner,mcl_trial_spawners,1.21+,yes,mods/ITEMS/mcl_trial_spawners/init.lua
node,mcl_trial_spawners:ominous_trialspawner_on,mcl_trial_spawners,1.21+,yes,mods/ITEMS/mcl_trial_spawners/init.lua
node,mcl_trial_spawners:trialspawner,mcl_trial_spawners,1.21+,yes,mods/ITEMS/mcl_trial_spawners/init.lua
node,mcl_trial_spawners:trialspawner_on,mcl_trial_spawners,1.21+,yes,mods/ITEMS/mcl_trial_spawners/init.lua
node,:mcl_vaults:,mcl_vaults,1.21+,yes,mods/ITEMS/mcl_vaults/api.lua
entity,mcl_vaults:item_entity,mcl_vaults,1.21+,yes,mods/ITEMS/mcl_vaults/api.lua
entity,:3d_armor_stand:armor_entity,mcl_armor_stand,1.8-1.12,no,mods/ITEMS/mcl_armor_stand/init.lua
entity,mcl_armor_stand:armor_entity,mcl_armor_stand,1.8-1.12,no,mods/ITEMS/mcl_armor_stand/init.lua
node,mcl_armor_stand:armor_stand,mcl_armor_stand,1.8-1.12,no,mods/ITEMS/mcl_armor_stand/init.lua
node,mcl_banners:hanging_banner,mcl_banners,1.8-1.12,no,mods/ITEMS/mcl_banners/init.lua
entity,mcl_banners:hanging_banner,mcl_banners,1.8-1.12,no,mods/ITEMS/mcl_banners/init.lua
craftitem,mcl_banners:pattern_,mcl_banners,1.8-1.12,no,mods/ITEMS/mcl_banners/items.lua
node,mcl_banners:standing_banner,mcl_banners,1.8-1.12,no,mods/ITEMS/mcl_banners/init.lua
entity,mcl_banners:standing_banner,mcl_banners,1.8-1.12,no,mods/ITEMS/mcl_banners/init.lua
node,mcl_colorblocks:concrete_,mcl_colorblocks,1.8-1.12,no,mods/ITEMS/mcl_colorblocks/init.lua
node,mcl_colorblocks:concrete_powder_,mcl_colorblocks,1.8-1.12,no,mods/ITEMS/mcl_colorblocks/init.lua
node,mcl_colorblocks:glazed_terracotta_,mcl_colorblocks,1.8-1.12,no,mods/ITEMS/mcl_colorblocks/init.lua
node,mcl_colorblocks:hardened_clay,mcl_colorblocks,1.8-1.12,no,mods/ITEMS/mcl_colorblocks/init.lua
node,mcl_colorblocks:hardened_clay_,mcl_colorblocks,1.8-1.12,no,mods/ITEMS/mcl_colorblocks/init.lua
craftitem,mcl_maps:empty_map,mcl_maps,1.8-1.12,no,mods/ITEMS/mcl_maps/init.lua
craftitem,mcl_maps:filled_map,mcl_maps,1.8-1.12,no,mods/ITEMS/mcl_maps/init.lua
node,mcl_maps:filled_map_,mcl_maps,1.8-1.12,no,mods/ITEMS/mcl_maps/init.lua
node,mcl_maps:filled_map_hand,mcl_maps,1.8-1.12,no,mods/ITEMS/mcl_maps/init.lua
node,:mcl_monster_eggs:monster_egg_,mcl_monster_eggs,1.8-1.12,no,mods/ITEMS/mcl_monster_eggs/init.lua
node,mcl_observers:observer_down_off,mcl_observers,1.8-1.12,no,mods/ITEMS/REDSTONE/mcl_observers/init.lua
node,mcl_observers:observer_down_on,mcl_observers,1.8-1.12,no,mods/ITEMS/REDSTONE/mcl_observers/init.lua
node,mcl_observers:observer_off,mcl_observers,1.8-1.12,no,mods/ITEMS/REDSTONE/mcl_observers/init.lua
node,mcl_observers:observer_on,mcl_observers,1.8-1.12,no,mods/ITEMS/REDSTONE/mcl_observers/init.lua
node,mcl_observers:observer_up_off,mcl_observers,1.8-1.12,no,mods/ITEMS/REDSTONE/mcl_observers/init.lua
node,mcl_observers:observer_up_on,mcl_observers,1.8-1.12,no,mods/ITEMS/REDSTONE/mcl_observers/init.lua
node,mcl_ocean:prismarine,mcl_ocean,1.8-1.12,no,mods/ITEMS/mcl_ocean/prismarine.lua
node,mcl_ocean:prismarine_brick,mcl_ocean,1.8-1.12,no,mods/ITEMS/mcl_ocean/prismarine.lua
craftitem,mcl_ocean:prismarine_crystals,mcl_ocean,1.8-1.12,no,mods/ITEMS/mcl_ocean/prismarine.lua
node,mcl_ocean:prismarine_dark,mcl_ocean,1.8-1.12,no,mods/ITEMS/mcl_ocean/prismarine.lua
craftitem,mcl_ocean:prismarine_shard,mcl_ocean,1.8-1.12,no,mods/ITEMS/mcl_ocean/prismarine.lua
node,mcl_ocean:sea_lantern,mcl_ocean,1.8-1.12,no,mods/ITEMS/mcl_ocean/prismarine.lua
tool,mcl_shields:shield,mcl_shields,1.8-1.12,no,mods/ITEMS/mcl_shields/init.lua
tool,mcl_shields:shield_,mcl_shields,1.8-1.12,no,mods/ITEMS/mcl_shields/init.lua
entity,mcl_shields:shield_entity,mcl_shields,1.8-1.12,no,mods/ITEMS/mcl_shields/init.lua
node,mcl_sponges:sponge,mcl_sponges,1.8-1.12,no,mods/ITEMS/mcl_sponges/init.lua
node,mcl_sponges:sponge_wet,mcl_sponges,1.8-1.12,no,mods/ITEMS/mcl_sponges/init.lua
node,mcl_sponges:sponge_wet_river_water,mcl_sponges,1.8-1.12,no,mods/ITEMS/mcl_sponges/init.lua
structure,boulder,mcl_structures,1.8-1.12,no,mods/MAPGEN/mcl_structures/init.lua
structure,end_boat,mcl_structures,1.8-1.12,no,mods/MAPGEN/mcl_structures/end_city.lua
structure,end_gateway_portal,mcl_structures,1.8-1.12,no,mods/MAPGEN/mcl_structures/end_spawn.lua
structure,end_shipwreck,mcl_structures,1.8-1.12,no,mods/MAPGEN/mcl_structures/end_city.lua
structure,fossil,mcl_structures,1.8-1.12,no,mods/MAPGEN/mcl_structures/init.lua
structure,igloo,mcl_structures,1.8-1.12,no,mods/MAPGEN/mcl_structures/igloo.lua
structure,ocean_temple,mcl_structures,1.8-1.12,no,mods/MAPGEN/mcl_structures/shipwrecks.lua
structure,small_end_city,mcl_structures,1.8-1.12,no,mods/MAPGEN/mcl_structures/end_city.lua
craftitem,mcl_totems:totem,mcl_totems,1.8-1.12,no,mods/ITEMS/mcl_totems/init.lua
craftitem,mcl_totems:totem_wielded,mcl_totems,1.8-1.12,no,mods/ITEMS/mcl_totems/init.lua
mob,mobs_mc:endermite,mobs_mc,1.8-1.12,no,mods/ENTITIES/mobs_mc/endermite.lua
egg,mobs_mc:endermite,mobs_mc,1.8-1.12,no,mods/ENTITIES/mobs_mc/endermite.lua
mob,mobs_mc:evoker,mobs_mc,1.8-1.12,no,mods/ENTITIES/mobs_mc/villager_evoker.lua
egg,mobs_mc:evoker,mobs_mc,1.8-1.12,no,mods/ENTITIES/mobs_mc/villager_evoker.lua
mob,mobs_mc:guardian,mobs_mc,1.8-1.12,no,mods/ENTITIES/mobs_mc/guardian.lua
egg,mobs_mc:guardian,mobs_mc,1.8-1.12,no,mods/ENTITIES/mobs_mc/guardian.lua
mob,mobs_mc:guardian_elder,mobs_mc,1.8-1.12,no,mods/ENTITIES/mobs_mc/guardian_elder.lua
egg,mobs_mc:guardian_elder,mobs_mc,1.8-1.12,no,mods/ENTITIES/mobs_mc/guardian_elder.lua
mob,mobs_mc:husk,mobs_mc,1.8-1.12,no,mods/ENTITIES/mobs_mc/zombie.lua
egg,mobs_mc:husk,mobs_mc,1.8-1.12,no,mods/ENTITIES/mobs_mc/zombie.lua
mob,mobs_mc:killer_bunny,mobs_mc,1.8-1.12,no,mods/ENTITIES/mobs_mc/rabbit.lua
mob,mobs_mc:llama,mobs_mc,1.8-1.12,no,mods/ENTITIES/mobs_mc/llama.lua
egg,mobs_mc:llama,mobs_mc,1.8-1.12,no,mods/ENTITIES/mobs_mc/llama.lua
mob,mobs_mc:parrot,mobs_mc,1.8-1.12,no,mods/ENTITIES/mobs_mc/parrot.lua
egg,mobs_mc:parrot,mobs_mc,1.8-1.12,no,mods/ENTITIES/mobs_mc/parrot.lua
mob,mobs_mc:polar_bear,mobs_mc,1.8-1.12,no,mods/ENTITIES/mobs_mc/polar_bear.lua
egg,mobs_mc:polar_bear,mobs_mc,1.8-1.12,no,mods/ENTITIES/mobs_mc/polar_bear.lua
mob,mobs_mc:rabbit,mobs_mc,1.8-1.12,no,mods/ENTITIES/mobs_mc/rabbit.lua
egg,mobs_mc:rabbit,mobs_mc,1.8-1.12,no,mods/ENTITIES/mobs_mc/rabbit.lua
mob,mobs_mc:shulker,mobs_mc,1.8-1.12,no,mods/ENTITIES/mobs_mc/shulker.lua
egg,mobs_mc:shulker,mobs_mc,1.8-1.12,no,mods/ENTITIES/mobs_mc/shulker.lua
mob,mobs_mc:stray,mobs_mc,1.8-1.12,no,mods/ENTITIES/mobs_mc/skeleton+stray.lua
egg,mobs_mc:stray,mobs_mc,1.8-1.12,no,mods/ENTITIES/mobs_mc/skeleton+stray.lua
mob,mobs_mc:vex,mobs_mc,1.8-1.12,no,mods/ENTITIES/mobs_mc/vex.lua
egg,mobs_mc:vex,mobs_mc,1.8-1.12,no,mods/ENTITIES/mobs_mc/vex.lua
mob,mobs_mc:vindicator,mobs_mc,1.8-1.12,no,mods/ENTITIES/mobs_mc/villager_vindicator.lua
egg,mobs_mc:vindicator,mobs_mc,1.8-1.12,no,mods/ENTITIES/mobs_mc/villager_vindicator.lua
tool,mcl_armor:elytra,mcl_armor,beta,no,mods/ITEMS/mcl_armor/register.lua
node,mcl_beds:respawn_anchor_charged_,mcl_beds,beta,no,mods/ITEMS/mcl_beds/respawn_anchor.lua
entity,mcl_boats:boat,mcl_boats,beta,no,mods/ENTITIES/mcl_boats/init.lua
entity,mcl_boats:chest_boat,mcl_boats,beta,no,mods/ENTITIES/mcl_boats/init.lua
entity,mcl_boats:seat,mcl_boats,beta,no,mods/ENTITIES/mcl_boats/init.lua
craftitem,mcl_bows:arrow,mcl_bows,beta,no,mods/ITEMS/mcl_bows/arrow.lua
entity,mcl_bows:arrow_entity,mcl_bows,beta,no,mods/ITEMS/mcl_bows/arrow.lua
tool,mcl_bows:bow,mcl_bows,beta,no,mods/ITEMS/mcl_bows/bow.lua
tool,mcl_bows:bow_,mcl_bows,beta,no,mods/ITEMS/mcl_bows/bow.lua
tool,mcl_bows:crossbow,mcl_bows,beta,no,mods/ITEMS/mcl_bows/crossbow.lua
tool,mcl_bows:crossbow_,mcl_bows,beta,no,mods/ITEMS/mcl_bows/crossbow.lua
tool,mcl_bows:crossbow_loaded,mcl_bows,beta,no,mods/ITEMS/mcl_bows/crossbow.lua
craftitem,mcl_buckets:bucket_empty,mcl_buckets,beta,no,mods/ITEMS/mcl_buckets/init.lua
node,:mcl_buttons:button_,mcl_buttons,beta,no,mods/ITEMS/REDSTONE/mcl_buttons/init.lua
node,mcl_chests:,mcl_chests,beta,no,mods/ITEMS/mcl_chests/init.lua
entity,mcl_chests:chest,mcl_chests,beta,no,mods/ITEMS/mcl_chests/init.lua
node,mcl_chests:ender_chest,mcl_chests,beta,no,mods/ITEMS/mcl_chests/init.lua
node,mcl_chests:ender_chest_small,mcl_chests,beta,no,mods/ITEMS/mcl_chests/init.lua
craftitem,mcl_clock:clock,mcl_clock,beta,no,mods/ITEMS/mcl_clock/init.lua
node,mcl_cocoas:cocoa_,mcl_cocoas,beta,no,mods/ITEMS/mcl_cocoas/init.lua
craftitem,mcl_cocoas:cocoa_beans,mcl_cocoas,beta,no,mods/ITEMS/mcl_cocoas/init.lua
craftitem,:mcl_compass:,mcl_compass,beta,no,mods/ITEMS/mcl_compass/init.lua
craftitem,mcl_compass:compass,mcl_compass,beta,no,mods/ITEMS/mcl_compass/init.lua
node,mcl_compass:lodestone,mcl_compass,beta,no,mods/ITEMS/mcl_compass/init.lua
wood,acacia,mcl_core,beta,no,mods/ITEMS/mcl_core/nodes_trees.lua
wood,birch,mcl_core,beta,no,mods/ITEMS/mcl_core/nodes_trees.lua
wood,dark_oak,mcl_core,beta,no,mods/ITEMS/mcl_core/nodes_trees.lua
wood,jungle,mcl_core,beta,no,mods/ITEMS/mcl_core/nodes_trees.lua
node,mcl_core:andesite,mcl_core,beta,no,mods/ITEMS/mcl_core/nodes_base.lua
node,mcl_core:andesite_smooth,mcl_core,beta,no,mods/ITEMS/mcl_core/nodes_base.lua
craftitem,mcl_core:apple,mcl_core,beta,no,mods/ITEMS/mcl_core/craftitems.lua
craftitem,mcl_core:apple_gold,mcl_core,beta,no,mods/ITEMS/mcl_core/craftitems.lua
craftitem,mcl_core:apple_gold_enchanted,mcl_core,beta,no,mods/ITEMS/mcl_core/craftitems.lua
node,mcl_core:barrier,mcl_core,beta,no,mods/ITEMS/mcl_core/nodes_misc.lua
node,mcl_core:bedrock,mcl_core,beta,no,mods/ITEMS/mcl_core/nodes_base.lua
node,mcl_core:blue_ice,mcl_core,beta,no,mods/ITEMS/mcl_core/nodes_base.lua
node,mcl_core:bone_block,mcl_core,beta,no,mods/ITEMS/mcl_core/nodes_misc.lua
craftitem,mcl_core:bowl,mcl_core,beta,no,mods/ITEMS/mcl_core/craftitems.lua
craftitem,mcl_core:brick,mcl_core,beta,no,mods/ITEMS/mcl_core/craftitems.lua
node,mcl_core:brick_block,mcl_core,beta,no,mods/ITEMS/mcl_core/nodes_base.lua
node,mcl_core:cactus,mcl_core,beta,no,mods/ITEMS/mcl_core/nodes_cactuscane.lua
node,mcl_core:cactus_flower,mcl_core,beta,no,mods/ITEMS/mcl_core/nodes_cactuscane.lua
craftitem,mcl_core:charcoal_lump,mcl_core,beta,no,mods/ITEMS/mcl_core/craftitems.lua
node,mcl_core:clay,mcl_core,beta,no,mods/ITEMS/mcl_core/nodes_base.lua
craftitem,mcl_core:clay_lump,mcl_core,beta,no,mods/ITEMS/mcl_core/craftitems.lua
craftitem,mcl_core:coal_lump,mcl_core,beta,no,mods/ITEMS/mcl_core/craftitems.lua
node,mcl_core:coalblock,mcl_core,beta,no,mods/ITEMS/mcl_core/nodes_base.lua
node,mcl_core:coarse_dirt,mcl_core,beta,no,mods/ITEMS/mcl_core/nodes_base.lua
node,mcl_core:cobble,mcl_core,beta,no,mods/ITEMS/mcl_core/nodes_base.lua
node,mcl_core:cobweb,mcl_core,beta,no,mods/ITEMS/mcl_core/nodes_misc.lua
node,mcl_core:crying_obsidian,mcl_core,beta,no,mods/ITEMS/mcl_core/nodes_base.lua
node,mcl_core:deadbush,mcl_core,beta,no,mods/ITEMS/mcl_core/nodes_misc.lua
craftitem,mcl_core:diamond,mcl_core,beta,no,mods/ITEMS/mcl_core/craftitems.lua
node,mcl_core:diamondblock,mcl_core,beta,no,mods/ITEMS/mcl_core/nodes_base.lua
node,mcl_core:diorite,mcl_core,beta,no,mods/ITEMS/mcl_core/nodes_base.lua
node,mcl_core:diorite_smooth,mcl_core,beta,no,mods/ITEMS/mcl_core/nodes_base.lua
node,mcl_core:dirt,mcl_core,beta,no,mods/ITEMS/mcl_core/nodes_base.lua
node,mcl_core:dirt_with_grass,mcl_core,beta,no,mods/ITEMS/mcl_core/nodes_base.lua
craftitem,mcl_core:emerald,mcl_core,beta,no,mods/ITEMS/mcl_core/craftitems.lua
node,mcl_core:emeraldblock,mcl_core,beta,no,mods/ITEMS/mcl_core/nodes_base.lua
craftitem,mcl_core:flint,mcl_core,beta,no,mods/ITEMS/mcl_core/craftitems.lua
node,mcl_core:frosted_ice_,mcl_core,beta,no,mods/ITEMS/mcl_core/nodes_base.lua
node,mcl_core:glass,mcl_core,beta,no,mods/ITEMS/mcl_core/nodes_glass.lua
node,mcl_core:glass_,mcl_core,beta,no,mods/ITEMS/mcl_core/nodes_glass.lua
node,mcl_core:glow_lichen,mcl_core,beta,no,mods/ITEMS/mcl_core/nodes_glow_lichen.lua
craftitem,mcl_core:gold_ingot,mcl_core,beta,no,mods/ITEMS/mcl_core/craftitems.lua
craftitem,mcl_core:gold_nugget,mcl_core,beta,no,mods/ITEMS/mcl_core/craftitems.lua
node,mcl_core:goldblock,mcl_core,beta,no,mods/ITEMS/mcl_core/nodes_base.lua
node,mcl_core:granite,mcl_core,beta,no,mods/ITEMS/mcl_core/nodes_base.lua
node,mcl_core:granite_smooth,mcl_core,beta,no,mods/ITEMS/mcl_core/nodes_base.lua
node,mcl_core:grass_path,mcl_core,beta,no,mods/ITEMS/mcl_core/nodes_base.lua
node,mcl_core:gravel,mcl_core,beta,no,mods/ITEMS/mcl_core/nodes_base.lua
node,mcl_core:ice,mcl_core,beta,no,mods/ITEMS/mcl_core/nodes_base.lua
craftitem,mcl_core:iron_ingot,mcl_core,beta,no,mods/ITEMS/mcl_core/craftitems.lua
craftitem,mcl_core:iron_nugget,mcl_core,beta,no,mods/ITEMS/mcl_core/craftitems.lua
node,mcl_core:ironblock,mcl_core,beta,no,mods/ITEMS/mcl_core/nodes_base.lua
node,mcl_core:ladder,mcl_core,beta,no,mods/ITEMS/mcl_core/nodes_climb.lua
craftitem,mcl_core:lapis,mcl_core,beta,no,mods/ITEMS/mcl_core/craftitems.lua
node,mcl_core:lapisblock,mcl_core,beta,no,mods/ITEMS/mcl_core/nodes_base.lua
node,mcl_core:lava_flowing,mcl_core,beta,no,mods/ITEMS/mcl_core/nodes_liquid.lua
node,mcl_core:lava_source,mcl_core,beta,no,mods/ITEMS/mcl_core/nodes_liquid.lua
node,mcl_core:light_,mcl_core,beta,no,mods/ITEMS/mcl_core/nodes_misc.lua
node,mcl_core:mossycobble,mcl_core,beta,no,mods/ITEMS/mcl_core/nodes_base.lua
node,mcl_core:mycelium,mcl_core,beta,no,mods/ITEMS/mcl_core/nodes_base.lua
node,mcl_core:obsidian,mcl_core,beta,no,mods/ITEMS/mcl_core/nodes_base.lua
node,mcl_core:packed_ice,mcl_core,beta,no,mods/ITEMS/mcl_core/nodes_base.lua
craftitem,mcl_core:paper,mcl_core,beta,no,mods/ITEMS/mcl_core/craftitems.lua
node,mcl_core:podzol,mcl_core,beta,no,mods/ITEMS/mcl_core/nodes_base.lua
node,mcl_core:realm_barrier,mcl_core,beta,no,mods/ITEMS/mcl_core/nodes_misc.lua
node,mcl_core:redsand,mcl_core,beta,no,mods/ITEMS/mcl_core/nodes_base.lua
node,mcl_core:redsandstone,mcl_core,beta,no,mods/ITEMS/mcl_core/nodes_base.lua
node,mcl_core:redsandstonecarved,mcl_core,beta,no,mods/ITEMS/mcl_core/nodes_base.lua
node,mcl_core:redsandstonesmooth,mcl_core,beta,no,mods/ITEMS/mcl_core/nodes_base.lua
node,mcl_core:redsandstonesmooth2,mcl_core,beta,no,mods/ITEMS/mcl_core/nodes_base.lua
node,mcl_core:reeds,mcl_core,beta,no,mods/ITEMS/mcl_core/nodes_cactuscane.lua
node,mcl_core:sand,mcl_core,beta,no,mods/ITEMS/mcl_core/nodes_base.lua
node,mcl_core:sandstone,mcl_core,beta,no,mods/ITEMS/mcl_core/nodes_base.lua
node,mcl_core:sandstonecarved,mcl_core,beta,no,mods/ITEMS/mcl_core/nodes_base.lua
node,mcl_core:sandstonesmooth,mcl_core,beta,no,mods/ITEMS/mcl_core/nodes_base.lua
node,mcl_core:sandstonesmooth2,mcl_core,beta,no,mods/ITEMS/mcl_core/nodes_base.lua
node,mcl_core:slimeblock,mcl_core,beta,no,mods/ITEMS/mcl_core/nodes_misc.lua
node,mcl_core:snowblock,mcl_core,beta,no,mods/ITEMS/mcl_core/nodes_base.lua
craftitem,mcl_core:stick,mcl_core,beta,no,mods/ITEMS/mcl_core/craftitems.lua
node,mcl_core:stone,mcl_core,beta,no,mods/ITEMS/mcl_core/nodes_base.lua
node,mcl_core:stone_smooth,mcl_core,beta,no,mods/ITEMS/mcl_core/nodes_base.lua
node,mcl_core:stone_with_coal,mcl_core,beta,no,mods/ITEMS/mcl_core/nodes_base.lua
node,mcl_core:stone_with_diamond,mcl_core,beta,no,mods/ITEMS/mcl_core/nodes_base.lua
node,mcl_core:stone_with_emerald,mcl_core,beta,no,mods/ITEMS/mcl_core/nodes_base.lua
node,mcl_core:stone_with_gold,mcl_core,beta,no,mods/ITEMS/mcl_core/nodes_base.lua
node,mcl_core:stone_with_iron,mcl_core,beta,no,mods/ITEMS/mcl_core/nodes_base.lua
node,mcl_core:stone_with_lapis,mcl_core,beta,no,mods/ITEMS/mcl_core/nodes_base.lua
node,mcl_core:stone_with_redstone,mcl_core,beta,no,mods/ITEMS/mcl_core/nodes_base.lua
node,mcl_core:stone_with_redstone_lit,mcl_core,beta,no,mods/ITEMS/mcl_core/nodes_base.lua
node,mcl_core:stonebrick,mcl_core,beta,no,mods/ITEMS/mcl_core/nodes_base.lua
node,mcl_core:stonebrickcarved,mcl_core,beta,no,mods/ITEMS/mcl_core/nodes_base.lua
node,mcl_core:stonebrickcracked,mcl_core,beta,no,mods/ITEMS/mcl_core/nodes_base.lua
node,mcl_core:stonebrickmossy,mcl_core,beta,no,mods/ITEMS/mcl_core/nodes_base.lua
craftitem,mcl_core:sugar,mcl_core,beta,no,mods/ITEMS/mcl_core/craftitems.lua
node,mcl_core:vine,mcl_core,beta,no,mods/ITEMS/mcl_core/nodes_climb.lua
node,mcl_core:void,mcl_core,beta,no,mods/ITEMS/mcl_core/nodes_misc.lua
node,mcl_core:water_flowing,mcl_core,beta,no,mods/ITEMS/mcl_core/nodes_liquid.lua
node,mcl_core:water_source,mcl_core,beta,no,mods/ITEMS/mcl_core/nodes_liquid.lua
wood,oak,mcl_core,beta,no,mods/ITEMS/mcl_core/nodes_trees.lua
wood,spruce,mcl_core,beta,no,mods/ITEMS/mcl_core/nodes_trees.lua
node,mcl_crafting_table:crafting_table,mcl_crafting_table,beta,no,mods/ITEMS/mcl_crafting_table/init.lua
node,mcl_dispensers:dispenser,mcl_dispensers,beta,no,mods/ITEMS/REDSTONE/mcl_dispensers/init.lua
node,mcl_dispensers:dispenser_down,mcl_dispensers,beta,no,mods/ITEMS/REDSTONE/mcl_dispensers/init.lua
node,mcl_dispensers:dispenser_up,mcl_dispensers,beta,no,mods/ITEMS/REDSTONE/mcl_dispensers/init.lua
node,mcl_dispensers:dropper,mcl_dispensers,beta,no,mods/ITEMS/REDSTONE/mcl_dispensers/init.lua
node,mcl_dispensers:dropper_down,mcl_dispensers,beta,no,mods/ITEMS/REDSTONE/mcl_dispensers/init.lua
node,mcl_dispensers:dropper_up,mcl_dispensers,beta,no,mods/ITEMS/REDSTONE/mcl_dispensers/init.lua
craftitem,mcl_dyes:,mcl_dyes,beta,no,mods/ITEMS/mcl_dyes/init.lua
node,mcl_farming:beetroot,mcl_farming,beta,no,mods/ITEMS/mcl_farming/beetroot.lua
node,mcl_farming:beetroot_0,mcl_farming,beta,no,mods/ITEMS/mcl_farming/beetroot.lua
node,mcl_farming:beetroot_1,mcl_farming,beta,no,mods/ITEMS/mcl_farming/beetroot.lua
node,mcl_farming:beetroot_2,mcl_farming,beta,no,mods/ITEMS/mcl_farming/beetroot.lua
craftitem,mcl_farming:beetroot_item,mcl_farming,beta,no,mods/ITEMS/mcl_farming/beetroot.lua
craftitem,mcl_farming:beetroot_seeds,mcl_farming,beta,no,mods/ITEMS/mcl_farming/beetroot.lua
craftitem,mcl_farming:beetroot_soup,mcl_farming,beta,no,mods/ITEMS/mcl_farming/beetroot.lua
craftitem,mcl_farming:bread,mcl_farming,beta,no,mods/ITEMS/mcl_farming/wheat.lua
node,mcl_farming:carrot,mcl_farming,beta,no,mods/ITEMS/mcl_farming/carrots.lua
node,mcl_farming:carrot_,mcl_farming,beta,no,mods/ITEMS/mcl_farming/carrots.lua
craftitem,mcl_farming:carrot_item,mcl_farming,beta,no,mods/ITEMS/mcl_farming/carrots.lua
craftitem,mcl_farming:carrot_item_gold,mcl_farming,beta,no,mods/ITEMS/mcl_farming/carrots.lua
craftitem,mcl_farming:cookie,mcl_farming,beta,no,mods/ITEMS/mcl_farming/wheat.lua
node,mcl_farming:hay_block,mcl_farming,beta,no,mods/ITEMS/mcl_farming/wheat.lua
craftitem,mcl_farming:melon_item,mcl_farming,beta,no,mods/ITEMS/mcl_farming/melon.lua
craftitem,mcl_farming:melon_seeds,mcl_farming,beta,no,mods/ITEMS/mcl_farming/melon.lua
node,mcl_farming:melontige_,mcl_farming,beta,no,mods/ITEMS/mcl_farming/melon.lua
node,mcl_farming:potato,mcl_farming,beta,no,mods/ITEMS/mcl_farming/potatoes.lua
node,mcl_farming:potato_,mcl_farming,beta,no,mods/ITEMS/mcl_farming/potatoes.lua
craftitem,mcl_farming:potato_item,mcl_farming,beta,no,mods/ITEMS/mcl_farming/potatoes.lua
craftitem,mcl_farming:potato_item_baked,mcl_farming,beta,no,mods/ITEMS/mcl_farming/potatoes.lua
craftitem,mcl_farming:potato_item_poison,mcl_farming,beta,no,mods/ITEMS/mcl_farming/potatoes.lua
node,mcl_farming:pumpkin_,mcl_farming,beta,no,mods/ITEMS/mcl_farming/pumpkin.lua
node,mcl_farming:pumpkin_face,mcl_farming,beta,no,mods/ITEMS/mcl_farming/pumpkin.lua
node,mcl_farming:pumpkin_face_light,mcl_farming,beta,no,mods/ITEMS/mcl_farming/pumpkin.lua
craftitem,mcl_farming:pumpkin_pie,mcl_farming,beta,no,mods/ITEMS/mcl_farming/pumpkin.lua
craftitem,mcl_farming:pumpkin_seeds,mcl_farming,beta,no,mods/ITEMS/mcl_farming/pumpkin.lua
node,mcl_farming:soil,mcl_farming,beta,no,mods/ITEMS/mcl_farming/soil.lua
node,mcl_farming:soil_wet,mcl_farming,beta,no,mods/ITEMS/mcl_farming/soil.lua
craftitem,mcl_farming:sweet_berry,mcl_farming,beta,no,mods/ITEMS/mcl_farming/sweet_berry.lua
node,mcl_farming:wheat,mcl_farming,beta,no,mods/ITEMS/mcl_farming/wheat.lua
node,mcl_farming:wheat_,mcl_farming,beta,no,mods/ITEMS/mcl_farming/wheat.lua
craftitem,mcl_farming:wheat_item,mcl_farming,beta,no,mods/ITEMS/mcl_farming/wheat.lua
craftitem,mcl_farming:wheat_seeds,mcl_farming,beta,no,mods/ITEMS/mcl_farming/wheat.lua
node,mcl_fire:eternal_fire,mcl_fire,beta,no,mods/ITEMS/mcl_fire/init.lua
node,mcl_fire:fire,mcl_fire,beta,no,mods/ITEMS/mcl_fire/init.lua
craftitem,mcl_fire:fire_charge,mcl_fire,beta,no,mods/ITEMS/mcl_fire/fire_charge.lua
tool,mcl_fire:flint_and_steel,mcl_fire,beta,no,mods/ITEMS/mcl_fire/flint_and_steel.lua
entity,mcl_fishing:bobber_entity,mcl_fishing,beta,no,mods/ITEMS/mcl_fishing/init.lua
craftitem,mcl_fishing:clownfish_raw,mcl_fishing,beta,no,mods/ITEMS/mcl_fishing/items.lua
craftitem,mcl_fishing:fish_cooked,mcl_fishing,beta,no,mods/ITEMS/mcl_fishing/items.lua
craftitem,mcl_fishing:fish_raw,mcl_fishing,beta,no,mods/ITEMS/mcl_fishing/items.lua
tool,mcl_fishing:fishing_rod,mcl_fishing,beta,no,mods/ITEMS/mcl_fishing/init.lua
entity,mcl_fishing:flying_bobber_entity,mcl_fishing,beta,no,mods/ITEMS/mcl_fishing/init.lua
craftitem,mcl_fishing:pufferfish_raw,mcl_fishing,beta,no,mods/ITEMS/mcl_fishing/items.lua
craftitem,mcl_fishing:salmon_cooked,mcl_fishing,beta,no,mods/ITEMS/mcl_fishing/items.lua
craftitem,mcl_fishing:salmon_raw,mcl_fishing,beta,no,mods/ITEMS/mcl_fishing/items.lua
craftitem,:,mcl_flowers,beta,no,mods/ITEMS/mcl_flowers/init.lua
node,mcl_flowers:bush,mcl_flowers,beta,no,mods/ITEMS/mcl_flowers/register.lua
node,mcl_flowers:fern,mcl_flowers,beta,no,mods/ITEMS/mcl_flowers/register.lua
node,mcl_flowers:firefly_bush,mcl_flowers,beta,no,mods/ITEMS/mcl_flowers/register.lua
node,mcl_flowers:short_dry_grass,mcl_flowers,beta,no,mods/ITEMS/mcl_flowers/register.lua
node,mcl_flowers:tall_dry_grass,mcl_flowers,beta,no,mods/ITEMS/mcl_flowers/register.lua
node,mcl_flowers:tallgrass,mcl_flowers,beta,no,mods/ITEMS/mcl_flowers/register.lua
node,mcl_flowers:waterlily,mcl_flowers,beta,no,mods/ITEMS/mcl_flowers/register.lua
node,mcl_jukebox:jukebox,mcl_jukebox,beta,no,mods/ITEMS/mcl_jukebox/init.lua
node,mcl_lever:lever_off,mcl_lever,beta,no,mods/ITEMS/REDSTONE/mcl_lever/init.lua
node,mcl_lever:lever_on,mcl_lever,beta,no,mods/ITEMS/REDSTONE/mcl_lever/init.lua
craftitem,mcl_mobitems:beef,mcl_mobitems,beta,no,mods/ITEMS/mcl_mobitems/init.lua
craftitem,mcl_mobitems:blaze_powder,mcl_mobitems,beta,no,mods/ITEMS/mcl_mobitems/init.lua
craftitem,mcl_mobitems:blaze_rod,mcl_mobitems,beta,no,mods/ITEMS/mcl_mobitems/init.lua
craftitem,mcl_mobitems:bone,mcl_mobitems,beta,no,mods/ITEMS/mcl_mobitems/init.lua
craftitem,mcl_mobitems:breeze_rod,mcl_mobitems,beta,no,mods/ITEMS/mcl_mobitems/init.lua
tool,mcl_mobitems:carrot_on_a_stick,mcl_mobitems,beta,no,mods/ITEMS/mcl_mobitems/init.lua
craftitem,mcl_mobitems:chicken,mcl_mobitems,beta,no,mods/ITEMS/mcl_mobitems/init.lua
craftitem,mcl_mobitems:cooked_beef,mcl_mobitems,beta,no,mods/ITEMS/mcl_mobitems/init.lua
craftitem,mcl_mobitems:cooked_chicken,mcl_mobitems,beta,no,mods/ITEMS/mcl_mobitems/init.lua
craftitem,mcl_mobitems:cooked_mutton,mcl_mobitems,beta,no,mods/ITEMS/mcl_mobitems/init.lua
craftitem,mcl_mobitems:cooked_porkchop,mcl_mobitems,beta,no,mods/ITEMS/mcl_mobitems/init.lua
craftitem,mcl_mobitems:cooked_rabbit,mcl_mobitems,beta,no,mods/ITEMS/mcl_mobitems/init.lua
craftitem,mcl_mobitems:copper_horse_armor,mcl_mobitems,beta,no,mods/ITEMS/mcl_mobitems/init.lua
craftitem,mcl_mobitems:diamond_horse_armor,mcl_mobitems,beta,no,mods/ITEMS/mcl_mobitems/init.lua
craftitem,mcl_mobitems:feather,mcl_mobitems,beta,no,mods/ITEMS/mcl_mobitems/init.lua
craftitem,mcl_mobitems:ghast_tear,mcl_mobitems,beta,no,mods/ITEMS/mcl_mobitems/init.lua
craftitem,mcl_mobitems:glow_ink_sac,mcl_mobitems,beta,no,mods/ITEMS/mcl_mobitems/init.lua
craftitem,mcl_mobitems:gold_horse_armor,mcl_mobitems,beta,no,mods/ITEMS/mcl_mobitems/init.lua
craftitem,mcl_mobitems:gunpowder,mcl_mobitems,beta,no,mods/ITEMS/mcl_mobitems/init.lua
craftitem,mcl_mobitems:heart_of_the_sea,mcl_mobitems,beta,no,mods/ITEMS/mcl_mobitems/init.lua
craftitem,mcl_mobitems:ink_sac,mcl_mobitems,beta,no,mods/ITEMS/mcl_mobitems/init.lua
craftitem,mcl_mobitems:iron_horse_armor,mcl_mobitems,beta,no,mods/ITEMS/mcl_mobitems/init.lua
craftitem,mcl_mobitems:leather,mcl_mobitems,beta,no,mods/ITEMS/mcl_mobitems/init.lua
craftitem,mcl_mobitems:leather_horse_armor,mcl_mobitems,beta,no,mods/ITEMS/mcl_mobitems/init.lua
craftitem,mcl_mobitems:magma_cream,mcl_mobitems,beta,no,mods/ITEMS/mcl_mobitems/init.lua
craftitem,mcl_mobitems:milk_bucket,mcl_mobitems,beta,no,mods/ITEMS/mcl_mobitems/init.lua
craftitem,mcl_mobitems:mutton,mcl_mobitems,beta,no,mods/ITEMS/mcl_mobitems/init.lua
craftitem,mcl_mobitems:nametag,mcl_mobitems,beta,no,mods/ITEMS/mcl_mobitems/init.lua
craftitem,mcl_mobitems:nautilus_shell,mcl_mobitems,beta,no,mods/ITEMS/mcl_mobitems/init.lua
craftitem,mcl_mobitems:nether_star,mcl_mobitems,beta,no,mods/ITEMS/mcl_mobitems/init.lua
craftitem,mcl_mobitems:porkchop,mcl_mobitems,beta,no,mods/ITEMS/mcl_mobitems/init.lua
craftitem,mcl_mobitems:rabbit,mcl_mobitems,beta,no,mods/ITEMS/mcl_mobitems/init.lua
craftitem,mcl_mobitems:rabbit_foot,mcl_mobitems,beta,no,mods/ITEMS/mcl_mobitems/init.lua
craftitem,mcl_mobitems:rabbit_hide,mcl_mobitems,beta,no,mods/ITEMS/mcl_mobitems/init.lua
craftitem,mcl_mobitems:rabbit_stew,mcl_mobitems,beta,no,mods/ITEMS/mcl_mobitems/init.lua
craftitem,mcl_mobitems:rotten_flesh,mcl_mobitems,beta,no,mods/ITEMS/mcl_mobitems/init.lua
craftitem,mcl_mobitems:saddle,mcl_mobitems,beta,no,mods/ITEMS/mcl_mobitems/init.lua
craftitem,mcl_mobitems:shulker_shell,mcl_mobitems,beta,no,mods/ITEMS/mcl_mobitems/init.lua
craftitem,mcl_mobitems:slimeball,mcl_mobitems,beta,no,mods/ITEMS/mcl_mobitems/init.lua
craftitem,mcl_mobitems:spider_eye,mcl_mobitems,beta,no,mods/ITEMS/mcl_mobitems/init.lua
craftitem,mcl_mobitems:string,mcl_mobitems,beta,no,mods/ITEMS/mcl_mobitems/init.lua
tool,mcl_mobitems:warped_fungus_on_a_stick,mcl_mobitems,beta,no,mods/ITEMS/mcl_mobitems/init.lua
entity,mcl_mobspawners:doll,mcl_mobspawners,beta,no,mods/ITEMS/mcl_mobspawners/init.lua
node,mcl_mobspawners:spawner,mcl_mobspawners,beta,no,mods/ITEMS/mcl_mobspawners/init.lua
node,mcl_mushrooms:,mcl_mushrooms,beta,no,mods/ITEMS/mcl_mushrooms/huge.lua
node,mcl_mushrooms:mushroom_brown,mcl_mushrooms,beta,no,mods/ITEMS/mcl_mushrooms/small.lua
node,mcl_mushrooms:mushroom_red,mcl_mushrooms,beta,no,mods/ITEMS/mcl_mushrooms/small.lua
craftitem,mcl_mushrooms:mushroom_stew,mcl_mushrooms,beta,no,mods/ITEMS/mcl_mushrooms/small.lua
node,mcl_noteblock:noteblock,mcl_noteblock,beta,no,mods/ITEMS/REDSTONE/mcl_noteblock/init.lua
craftitem,mcl_paintings:painting,mcl_paintings,beta,no,mods/ENTITIES/mcl_paintings/init.lua
entity,mcl_paintings:painting,mcl_paintings,beta,no,mods/ENTITIES/mcl_paintings/init.lua
node,:mcl_panes:,mcl_panes,beta,no,mods/ITEMS/mcl_panes/init.lua
node,mcl_pistons:piston_off,mcl_pistons,beta,no,mods/ITEMS/REDSTONE/mcl_pistons/nodes.lua
node,mcl_pistons:piston_on,mcl_pistons,beta,no,mods/ITEMS/REDSTONE/mcl_pistons/nodes.lua
node,mcl_pistons:piston_pusher,mcl_pistons,beta,no,mods/ITEMS/REDSTONE/mcl_pistons/nodes.lua
node,mcl_pistons:piston_pusher_sticky,mcl_pistons,beta,no,mods/ITEMS/REDSTONE/mcl_pistons/nodes.lua
node,mcl_pistons:piston_sticky_off,mcl_pistons,beta,no,mods/ITEMS/REDSTONE/mcl_pistons/nodes.lua
node,mcl_pistons:piston_sticky_on,mcl_pistons,beta,no,mods/ITEMS/REDSTONE/mcl_pistons/nodes.lua
node,mcl_portals:end_portal_frame,mcl_portals,beta,no,mods/ITEMS/mcl_portals/portal_end.lua
node,mcl_portals:end_portal_frame_eye,mcl_portals,beta,no,mods/ITEMS/mcl_portals/portal_end.lua
node,mcl_portals:portal,mcl_portals,beta,no,mods/ITEMS/mcl_portals/portal_nether.lua
node,mcl_portals:portal_end,mcl_portals,beta,no,mods/ITEMS/mcl_portals/portal_end.lua
node,mcl_portals:portal_gateway,mcl_portals,beta,no,mods/ITEMS/mcl_portals/portal_gateway.lua
structure,nether_portal,mcl_portals,beta,no,mods/ITEMS/mcl_portals/portal_nether.lua
structure,nether_portal_open,mcl_portals,beta,no,mods/ITEMS/mcl_portals/portal_nether.lua
node,mcl_redstone_lamp:lamp_off,mcl_redstone_lamp,beta,no,mods/ITEMS/REDSTONE/mcl_redstone_lamp/init.lua
node,mcl_redstone_lamp:lamp_on,mcl_redstone_lamp,beta,no,mods/ITEMS/REDSTONE/mcl_redstone_lamp/init.lua
node,mcl_redstone_torch:redstoneblock,mcl_redstone_torch,beta,no,mods/ITEMS/REDSTONE/mcl_redstone_torch/init.lua
node,mcl_repeaters:repeater_off_,mcl_repeaters,beta,no,mods/ITEMS/REDSTONE/mcl_repeaters/init.lua
node,mcl_repeaters:repeater_off_locked,mcl_repeaters,beta,no,mods/ITEMS/REDSTONE/mcl_repeaters/init.lua
node,mcl_repeaters:repeater_on_,mcl_repeaters,beta,no,mods/ITEMS/REDSTONE/mcl_repeaters/init.lua
node,mcl_repeaters:repeater_on_locked,mcl_repeaters,beta,no,mods/ITEMS/REDSTONE/mcl_repeaters/init.lua
node,:mcl_signs:hanging_sign_,mcl_signs,beta,no,mods/ITEMS/mcl_signs/init.lua
node,:mcl_signs:hanging_sign_attached_,mcl_signs,beta,no,mods/ITEMS/mcl_signs/init.lua
node,:mcl_signs:hanging_sign_wall_,mcl_signs,beta,no,mods/ITEMS/mcl_signs/init.lua
node,:mcl_signs:standing_sign_,mcl_signs,beta,no,mods/ITEMS/mcl_signs/init.lua
node,:mcl_signs:wall_sign_,mcl_signs,beta,no,mods/ITEMS/mcl_signs/init.lua
entity,mcl_signs:text,mcl_signs,beta,no,mods/ITEMS/mcl_signs/init.lua
node,:mcl_stairs:stair_,mcl_stairs,beta,no,mods/ITEMS/mcl_stairs/api.lua
structure,basalt_column,mcl_terrain_features,beta,no,mods/MAPGEN/mcl_terrain_features/init.lua
structure,basalt_pillar,mcl_terrain_features,beta,no,mods/MAPGEN/mcl_terrain_features/init.lua
structure,fallen_tree,mcl_terrain_features,beta,no,mods/MAPGEN/mcl_terrain_features/init.lua
structure,large_dripstone_column,mcl_terrain_features,beta,no,mods/MAPGEN/mcl_terrain_features/init.lua
structure,large_dripstone_stalagmite,mcl_terrain_features,beta,no,mods/MAPGEN/mcl_terrain_features/init.lua
structure,large_dripstone_stalagtite,mcl_terrain_features,beta,no,mods/MAPGEN/mcl_terrain_features/init.lua
structure,lavadelta,mcl_terrain_features,beta,no,mods/MAPGEN/mcl_terrain_features/init.lua
structure,lavapool,mcl_terrain_features,beta,no,mods/MAPGEN/mcl_terrain_features/init.lua
structure,water_lake,mcl_terrain_features,beta,no,mods/MAPGEN/mcl_terrain_features/init.lua
structure,water_lake_mangrove_swamp,mcl_terrain_features,beta,no,mods/MAPGEN/mcl_terrain_features/init.lua
craftitem,mcl_throwing:egg,mcl_throwing,beta,no,mods/ITEMS/mcl_throwing/register.lua
entity,mcl_throwing:egg_entity,mcl_throwing,beta,no,mods/ITEMS/mcl_throwing/register.lua
craftitem,mcl_throwing:ender_pearl,mcl_throwing,beta,no,mods/ITEMS/mcl_throwing/register.lua
entity,mcl_throwing:ender_pearl_entity,mcl_throwing,beta,no,mods/ITEMS/mcl_throwing/register.lua
craftitem,mcl_throwing:snowball,mcl_throwing,beta,no,mods/ITEMS/mcl_throwing/register.lua
entity,mcl_throwing:snowball_entity,mcl_throwing,beta,no,mods/ITEMS/mcl_throwing/register.lua
node,mcl_tnt:tnt,mcl_tnt,beta,no,mods/ITEMS/mcl_tnt/init.lua
entity,mcl_tnt:tnt,mcl_tnt,beta,no,mods/ITEMS/mcl_tnt/init.lua
tool,mcl_tools:shears,mcl_tools,beta,no,mods/ITEMS/mcl_tools/init.lua
node,:mcl_trees:,mcl_trees,beta,no,mods/ITEMS/mcl_trees/api.lua
node,:mcl_trees:bark_,mcl_trees,beta,no,mods/ITEMS/mcl_trees/api.lua
node,:mcl_trees:bark_stripped_,mcl_trees,beta,no,mods/ITEMS/mcl_trees/api.lua
node,:mcl_trees:sapling_,mcl_trees,beta,no,mods/ITEMS/mcl_trees/api.lua
node,:mcl_trees:stripped_,mcl_trees,beta,no,mods/ITEMS/mcl_trees/api.lua
node,:mcl_trees:wood_,mcl_trees,beta,no,mods/ITEMS/mcl_trees/api.lua
structure,stairs_test,mcl_trees,beta,no,mods/ITEMS/mcl_trees/api.lua
structure,wood_test,mcl_trees,beta,no,mods/ITEMS/mcl_trees/api.lua
node,mcl_wool:,mcl_wool,beta,no,mods/ITEMS/mcl_wool/init.lua
node,mclx_core:river_water_flowing,mclx_core,beta,no,mods/ITEMS/mclx_core/init.lua
node,mclx_core:river_water_source,mclx_core,beta,no,mods/ITEMS/mclx_core/init.lua
mob,mobs_mc:bat,mobs_mc,beta,no,mods/ENTITIES/mobs_mc/bat.lua
egg,mobs_mc:bat,mobs_mc,beta,no,mods/ENTITIES/mobs_mc/bat.lua
mob,mobs_mc:chicken,mobs_mc,beta,no,mods/ENTITIES/mobs_mc/chicken.lua
egg,mobs_mc:chicken,mobs_mc,beta,no,mods/ENTITIES/mobs_mc/chicken.lua
mob,mobs_mc:cow,mobs_mc,beta,no,mods/ENTITIES/mobs_mc/cow+mooshroom.lua
egg,mobs_mc:cow,mobs_mc,beta,no,mods/ENTITIES/mobs_mc/cow+mooshroom.lua
mob,mobs_mc:creeper,mobs_mc,beta,no,mods/ENTITIES/mobs_mc/creeper.lua
egg,mobs_mc:creeper,mobs_mc,beta,no,mods/ENTITIES/mobs_mc/creeper.lua
mob,mobs_mc:creeper_charged,mobs_mc,beta,no,mods/ENTITIES/mobs_mc/creeper.lua
mob,mobs_mc:dog,mobs_mc,beta,no,mods/ENTITIES/mobs_mc/wolf.lua
mob,mobs_mc:enderman,mobs_mc,beta,no,mods/ENTITIES/mobs_mc/enderman.lua
egg,mobs_mc:enderman,mobs_mc,beta,no,mods/ENTITIES/mobs_mc/enderman.lua
mob,mobs_mc:iron_golem,mobs_mc,beta,no,mods/ENTITIES/mobs_mc/iron_golem.lua
egg,mobs_mc:iron_golem,mobs_mc,beta,no,mods/ENTITIES/mobs_mc/iron_golem.lua
mob,mobs_mc:mooshroom,mobs_mc,beta,no,mods/ENTITIES/mobs_mc/cow+mooshroom.lua
egg,mobs_mc:mooshroom,mobs_mc,beta,no,mods/ENTITIES/mobs_mc/cow+mooshroom.lua
mob,mobs_mc:pig,mobs_mc,beta,no,mods/ENTITIES/mobs_mc/pig.lua
egg,mobs_mc:pig,mobs_mc,beta,no,mods/ENTITIES/mobs_mc/pig.lua
mob,mobs_mc:pigman,mobs_mc,beta,no,mods/ENTITIES/mobs_mc/zombiepig.lua
mob,mobs_mc:sheep,mobs_mc,beta,no,mods/ENTITIES/mobs_mc/sheep.lua
egg,mobs_mc:sheep,mobs_mc,beta,no,mods/ENTITIES/mobs_mc/sheep.lua
mob,mobs_mc:silverfish,mobs_mc,beta,no,mods/ENTITIES/mobs_mc/silverfish.lua
egg,mobs_mc:silverfish,mobs_mc,beta,no,mods/ENTITIES/mobs_mc/silverfish.lua
mob,mobs_mc:skeleton,mobs_mc,beta,no,mods/ENTITIES/mobs_mc/skeleton+stray.lua
egg,mobs_mc:skeleton,mobs_mc,beta,no,mods/ENTITIES/mobs_mc/skeleton+stray.lua
mob,mobs_mc:slime_big,mobs_mc,beta,no,mods/ENTITIES/mobs_mc/slime+magma_cube.lua
egg,mobs_mc:slime_big,mobs_mc,beta,no,mods/ENTITIES/mobs_mc/slime+magma_cube.lua
mob,mobs_mc:slime_small,mobs_mc,beta,no,mods/ENTITIES/mobs_mc/slime+magma_cube.lua
mob,mobs_mc:slime_tiny,mobs_mc,beta,no,mods/ENTITIES/mobs_mc/slime+magma_cube.lua
mob,mobs_mc:snowman,mobs_mc,beta,no,mods/ENTITIES/mobs_mc/snowman.lua
egg,mobs_mc:snowman,mobs_mc,beta,no,mods/ENTITIES/mobs_mc/snowman.lua
mob,mobs_mc:spider,mobs_mc,beta,no,mods/ENTITIES/mobs_mc/spider.lua
egg,mobs_mc:spider,mobs_mc,beta,no,mods/ENTITIES/mobs_mc/spider.lua
mob,mobs_mc:squid,mobs_mc,beta,no,mods/ENTITIES/mobs_mc/squid+glow_squid.lua
egg,mobs_mc:squid,mobs_mc,beta,no,mods/ENTITIES/mobs_mc/squid+glow_squid.lua
mob,mobs_mc:villager,mobs_mc,beta,no,mods/ENTITIES/mobs_mc/villager.lua
egg,mobs_mc:villager,mobs_mc,beta,no,mods/ENTITIES/mobs_mc/villager.lua
mob,mobs_mc:villager_zombie,mobs_mc,beta,no,mods/ENTITIES/mobs_mc/villager_zombie.lua
egg,mobs_mc:villager_zombie,mobs_mc,beta,no,mods/ENTITIES/mobs_mc/villager_zombie.lua
mob,mobs_mc:wolf,mobs_mc,beta,no,mods/ENTITIES/mobs_mc/wolf.lua
egg,mobs_mc:wolf,mobs_mc,beta,no,mods/ENTITIES/mobs_mc/wolf.lua
mob,mobs_mc:zombie,mobs_mc,beta,no,mods/ENTITIES/mobs_mc/zombie.lua
egg,mobs_mc:zombie,mobs_mc,beta,no,mods/ENTITIES/mobs_mc/zombie.lua
tool,doc_identifier:identifier_liquid,doc_identifier,engine,no,mods/HELP/doc/doc_identifier/init.lua
tool,doc_identifier:identifier_solid,doc_identifier,engine,no,mods/HELP/doc/doc_identifier/init.lua
tool,mcl_attachments:attachment_dbg_tool,mcl_attachments,engine,no,mods/ENTITIES/mcl_attachments/init.lua
entity,mcl_attachments:interceptor,mcl_attachments,engine,no,mods/ENTITIES/mcl_attachments/init.lua
entity,mcl_attachments:outline,mcl_attachments,engine,no,mods/ENTITIES/mcl_attachments/init.lua
biome,BambooJungle_ocean,mcl_biomes,engine,no,mods/MAPGEN/mcl_biomes/init.lua
biome,BasaltDelta,mcl_biomes,engine,no,mods/MAPGEN/mcl_biomes/init.lua
biome,BirchForest,mcl_biomes,engine,no,mods/MAPGEN/mcl_biomes/init.lua
biome,BirchForestM,mcl_biomes,engine,no,mods/MAPGEN/mcl_biomes/init.lua
biome,BirchForestM_ocean,mcl_biomes,engine,no,mods/MAPGEN/mcl_biomes/init.lua
biome,BirchForest_ocean,mcl_biomes,engine,no,mods/MAPGEN/mcl_biomes/init.lua
biome,ColdTaiga,mcl_biomes,engine,no,mods/MAPGEN/mcl_biomes/init.lua
biome,ColdTaiga_beach,mcl_biomes,engine,no,mods/MAPGEN/mcl_biomes/init.lua
biome,ColdTaiga_beach_water,mcl_biomes,engine,no,mods/MAPGEN/mcl_biomes/init.lua
biome,ColdTaiga_ocean,mcl_biomes,engine,no,mods/MAPGEN/mcl_biomes/init.lua
biome,CrimsonForest,mcl_biomes,engine,no,mods/MAPGEN/mcl_biomes/init.lua
biome,Desert,mcl_biomes,engine,no,mods/MAPGEN/mcl_biomes/init.lua
biome,Desert_ocean,mcl_biomes,engine,no,mods/MAPGEN/mcl_biomes/init.lua
biome,DripstoneCave_deep_underground,mcl_biomes,engine,no,mods/MAPGEN/mcl_biomes/init.lua
biome,End,mcl_biomes,engine,no,mods/MAPGEN/mcl_biomes/init.lua
biome,EndBarrens,mcl_biomes,engine,no,mods/MAPGEN/mcl_biomes/init.lua
biome,EndBorder,mcl_biomes,engine,no,mods/MAPGEN/mcl_biomes/init.lua
biome,EndHighlands,mcl_biomes,engine,no,mods/MAPGEN/mcl_biomes/init.lua
biome,EndIsland,mcl_biomes,engine,no,mods/MAPGEN/mcl_biomes/init.lua
biome,EndMidlands,mcl_biomes,engine,no,mods/MAPGEN/mcl_biomes/init.lua
biome,EndSmallIslands,mcl_biomes,engine,no,mods/MAPGEN/mcl_biomes/init.lua
biome,ExtremeHills,mcl_biomes,engine,no,mods/MAPGEN/mcl_biomes/init.lua
biome,ExtremeHills+,mcl_biomes,engine,no,mods/MAPGEN/mcl_biomes/init.lua
biome,ExtremeHills+_ocean,mcl_biomes,engine,no,mods/MAPGEN/mcl_biomes/init.lua
biome,ExtremeHills+_snowtop,mcl_biomes,engine,no,mods/MAPGEN/mcl_biomes/init.lua
biome,ExtremeHillsM,mcl_biomes,engine,no,mods/MAPGEN/mcl_biomes/init.lua
biome,ExtremeHillsM_ocean,mcl_biomes,engine,no,mods/MAPGEN/mcl_biomes/init.lua
biome,ExtremeHills_beach,mcl_biomes,engine,no,mods/MAPGEN/mcl_biomes/init.lua
biome,ExtremeHills_ocean,mcl_biomes,engine,no,mods/MAPGEN/mcl_biomes/init.lua
biome,FlowerForest,mcl_biomes,engine,no,mods/MAPGEN/mcl_biomes/init.lua
biome,FlowerForest_beach,mcl_biomes,engine,no,mods/MAPGEN/mcl_biomes/init.lua
biome,FlowerForest_ocean,mcl_biomes,engine,no,mods/MAPGEN/mcl_biomes/init.lua
biome,Forest,mcl_biomes,engine,no,mods/MAPGEN/mcl_biomes/init.lua
biome,Forest_beach,mcl_biomes,engine,no,mods/MAPGEN/mcl_biomes/init.lua
biome,Forest_ocean,mcl_biomes,engine,no,mods/MAPGEN/mcl_biomes/init.lua
biome,FrozenPeaks,mcl_biomes,engine,no,mods/MAPGEN/mcl_biomes/init.lua
biome,Grove_ocean,mcl_biomes,engine,no,mods/MAPGEN/mcl_biomes/init.lua
biome,IcePlains,mcl_biomes,engine,no,mods/MAPGEN/mcl_biomes/init.lua
biome,IcePlainsSpikes,mcl_biomes,engine,no,mods/MAPGEN/mcl_biomes/init.lua
biome,IcePlainsSpikes_ocean,mcl_biomes,engine,no,mods/MAPGEN/mcl_biomes/init.lua
biome,IcePlains_ocean,mcl_biomes,engine,no,mods/MAPGEN/mcl_biomes/init.lua
biome,JaggedPeaks,mcl_biomes,engine,no,mods/MAPGEN/mcl_biomes/init.lua
biome,Jungle,mcl_biomes,engine,no,mods/MAPGEN/mcl_biomes/init.lua
biome,JungleEdge,mcl_biomes,engine,no,mods/MAPGEN/mcl_biomes/init.lua
biome,JungleEdgeM,mcl_biomes,engine,no,mods/MAPGEN/mcl_biomes/init.lua
biome,JungleEdgeM_ocean,mcl_biomes,engine,no,mods/MAPGEN/mcl_biomes/init.lua
biome,JungleEdge_ocean,mcl_biomes,engine,no,mods/MAPGEN/mcl_biomes/init.lua
biome,JungleM,mcl_biomes,engine,no,mods/MAPGEN/mcl_biomes/init.lua
biome,JungleM_ocean,mcl_biomes,engine,no,mods/MAPGEN/mcl_biomes/init.lua
biome,JungleM_shore,mcl_biomes,engine,no,mods/MAPGEN/mcl_biomes/init.lua
biome,Jungle_ocean,mcl_biomes,engine,no,mods/MAPGEN/mcl_biomes/init.lua
biome,Jungle_shore,mcl_biomes,engine,no,mods/MAPGEN/mcl_biomes/init.lua
biome,LushCaves_ocean,mcl_biomes,engine,no,mods/MAPGEN/mcl_biomes/init.lua
biome,LushCaves_underground,mcl_biomes,engine,no,mods/MAPGEN/mcl_biomes/init.lua
biome,MangroveSwamp_ocean,mcl_biomes,engine,no,mods/MAPGEN/mcl_biomes/init.lua
biome,MangroveSwamp_shore,mcl_biomes,engine,no,mods/MAPGEN/mcl_biomes/init.lua
biome,Meadow,mcl_biomes,engine,no,mods/MAPGEN/mcl_biomes/init.lua
biome,Meadow_beach,mcl_biomes,engine,no,mods/MAPGEN/mcl_biomes/init.lua
biome,Meadow_ocean,mcl_biomes,engine,no,mods/MAPGEN/mcl_biomes/init.lua
biome,MegaSpruceTaiga,mcl_biomes,engine,no,mods/MAPGEN/mcl_biomes/init.lua
biome,MegaSpruceTaiga_ocean,mcl_biomes,engine,no,mods/MAPGEN/mcl_biomes/init.lua
biome,MegaTaiga,mcl_biomes,engine,no,mods/MAPGEN/mcl_biomes/init.lua
biome,MegaTaiga_ocean,mcl_biomes,engine,no,mods/MAPGEN/mcl_biomes/init.lua
biome,Mesa,mcl_biomes,engine,no,mods/MAPGEN/mcl_biomes/init.lua
biome,MesaBryce,mcl_biomes,engine,no,mods/MAPGEN/mcl_biomes/init.lua
biome,MesaBryce_ocean,mcl_biomes,engine,no,mods/MAPGEN/mcl_biomes/init.lua
biome,MesaBryce_sandlevel,mcl_biomes,engine,no,mods/MAPGEN/mcl_biomes/init.lua
biome,MesaPlateauF,mcl_biomes,engine,no,mods/MAPGEN/mcl_biomes/init.lua
biome,MesaPlateauFM,mcl_biomes,engine,no,mods/MAPGEN/mcl_biomes/init.lua
biome,MesaPlateauFM_grasstop,mcl_biomes,engine,no,mods/MAPGEN/mcl_biomes/init.lua
biome,MesaPlateauFM_ocean,mcl_biomes,engine,no,mods/MAPGEN/mcl_biomes/init.lua
biome,MesaPlateauFM_sandlevel,mcl_biomes,engine,no,mods/MAPGEN/mcl_biomes/init.lua
biome,MesaPlateauF_grasstop,mcl_biomes,engine,no,mods/MAPGEN/mcl_biomes/init.lua
biome,MesaPlateauF_ocean,mcl_biomes,engine,no,mods/MAPGEN/mcl_biomes/init.lua
biome,MesaPlateauF_sandlevel,mcl_biomes,engine,no,mods/MAPGEN/mcl_biomes/init.lua
biome,Mesa_ocean,mcl_biomes,engine,no,mods/MAPGEN/mcl_biomes/init.lua
biome,Mesa_sandlevel,mcl_biomes,engine,no,mods/MAPGEN/mcl_biomes/init.lua
biome,MushroomIsland,mcl_biomes,engine,no,mods/MAPGEN/mcl_biomes/init.lua
biome,MushroomIslandShore,mcl_biomes,engine,no,mods/MAPGEN/mcl_biomes/init.lua
biome,MushroomIsland_ocean,mcl_biomes,engine,no,mods/MAPGEN/mcl_biomes/init.lua
biome,Nether,mcl_biomes,engine,no,mods/MAPGEN/mcl_biomes/init.lua
biome,PaleGarden_ocean,mcl_biomes,engine,no,mods/MAPGEN/mcl_biomes/init.lua
biome,Plains,mcl_biomes,engine,no,mods/MAPGEN/mcl_biomes/init.lua
biome,Plains_beach,mcl_biomes,engine,no,mods/MAPGEN/mcl_biomes/init.lua
biome,Plains_ocean,mcl_biomes,engine,no,mods/MAPGEN/mcl_biomes/init.lua
biome,RoofedForest,mcl_biomes,engine,no,mods/MAPGEN/mcl_biomes/init.lua
biome,RoofedForest_ocean,mcl_biomes,engine,no,mods/MAPGEN/mcl_biomes/init.lua
biome,Savanna,mcl_biomes,engine,no,mods/MAPGEN/mcl_biomes/init.lua
biome,SavannaM,mcl_biomes,engine,no,mods/MAPGEN/mcl_biomes/init.lua
biome,SavannaM_ocean,mcl_biomes,engine,no,mods/MAPGEN/mcl_biomes/init.lua
biome,Savanna_beach,mcl_biomes,engine,no,mods/MAPGEN/mcl_biomes/init.lua
biome,Savanna_ocean,mcl_biomes,engine,no,mods/MAPGEN/mcl_biomes/init.lua
biome,SnowySlopes,mcl_biomes,engine,no,mods/MAPGEN/mcl_biomes/init.lua
biome,SoulsandValley,mcl_biomes,engine,no,mods/MAPGEN/mcl_biomes/init.lua
biome,StoneBeach,mcl_biomes,engine,no,mods/MAPGEN/mcl_biomes/init.lua
biome,StoneBeach_ocean,mcl_biomes,engine,no,mods/MAPGEN/mcl_biomes/init.lua
biome,StonyPeaks,mcl_biomes,engine,no,mods/MAPGEN/mcl_biomes/init.lua
biome,SunflowerPlains,mcl_biomes,engine,no,mods/MAPGEN/mcl_biomes/init.lua
biome,SunflowerPlains_ocean,mcl_biomes,engine,no,mods/MAPGEN/mcl_biomes/init.lua
biome,Swampland,mcl_biomes,engine,no,mods/MAPGEN/mcl_biomes/init.lua
biome,Swampland_ocean,mcl_biomes,engine,no,mods/MAPGEN/mcl_biomes/init.lua
biome,Swampland_shore,mcl_biomes,engine,no,mods/MAPGEN/mcl_biomes/init.lua
biome,Taiga,mcl_biomes,engine,no,mods/MAPGEN/mcl_biomes/init.lua
biome,Taiga_beach,mcl_biomes,engine,no,mods/MAPGEN/mcl_biomes/init.lua
biome,Taiga_ocean,mcl_biomes,engine,no,mods/MAPGEN/mcl_biomes/init.lua
biome,WarpedForest,mcl_biomes,engine,no,mods/MAPGEN/mcl_biomes/init.lua
ore,air,mcl_biomes,engine,no,mods/MAPGEN/mcl_biomes/init.lua
biome,flat,mcl_biomes,engine,no,mods/MAPGEN/mcl_biomes/init.lua
deco,mcl_biomes:<deco>,mcl_biomes,engine,no,mods/MAPGEN/mcl_biomes/init.lua
ore,mcl_blackstone:blackstone,mcl_biomes,engine,no,mods/MAPGEN/mcl_biomes/init.lua
ore,mcl_blackstone:blackstone_gilded,mcl_biomes,engine,no,mods/MAPGEN/mcl_biomes/init.lua
ore,mcl_blackstone:nether_gold,mcl_biomes,engine,no,mods/MAPGEN/mcl_biomes/init.lua
ore,mcl_colorblocks:hardened_clay_,mcl_biomes,engine,no,mods/MAPGEN/mcl_biomes/init.lua
ore,mcl_core:clay,mcl_biomes,engine,no,mods/MAPGEN/mcl_biomes/ores.lua
ore,mcl_core:coarse_dirt,mcl_biomes,engine,no,mods/MAPGEN/mcl_biomes/init.lua
ore,mcl_core:dirt,mcl_biomes,engine,no,mods/MAPGEN/mcl_biomes/init.lua
ore,mcl_core:gravel,mcl_biomes,engine,no,mods/MAPGEN/mcl_biomes/init.lua
ore,mcl_core:lava_source,mcl_biomes,engine,no,mods/MAPGEN/mcl_biomes/ores.lua
ore,mcl_core:packed_ice,mcl_biomes,engine,no,mods/MAPGEN/mcl_biomes/init.lua
ore,mcl_core:redsand,mcl_biomes,engine,no,mods/MAPGEN/mcl_biomes/init.lua
ore,mcl_core:redsandstone,mcl_biomes,engine,no,mods/MAPGEN/mcl_biomes/init.lua
ore,mcl_core:stone,mcl_biomes,engine,no,mods/MAPGEN/mcl_biomes/init.lua
ore,mcl_core:water_source,mcl_biomes,engine,no,mods/MAPGEN/mcl_biomes/ores.lua
ore,mcl_deepslate:deepslate,mcl_biomes,engine,no,mods/MAPGEN/mcl_biomes/ores.lua
ore,mcl_deepslate:infested_deepslate,mcl_biomes,engine,no,mods/MAPGEN/mcl_biomes/ores.lua
ore,mcl_deepslate:tuff,mcl_biomes,engine,no,mods/MAPGEN/mcl_biomes/ores.lua
ore,mcl_end:end_stone,mcl_biomes,engine,no,mods/MAPGEN/mcl_biomes/init.lua
ore,mcl_monster_eggs:monster_egg_stone,mcl_biomes,engine,no,mods/MAPGEN/mcl_biomes/init.lua
ore,mcl_nether:ancient_debris,mcl_biomes,engine,no,mods/MAPGEN/mcl_biomes/ores.lua
ore,mcl_nether:glowstone,mcl_biomes,engine,no,mods/MAPGEN/mcl_biomes/init.lua
ore,mcl_nether:magma,mcl_biomes,engine,no,mods/MAPGEN/mcl_biomes/init.lua
ore,mcl_nether:nether_lava_source,mcl_biomes,engine,no,mods/MAPGEN/mcl_biomes/init.lua
ore,mcl_nether:quartz_ore,mcl_biomes,engine,no,mods/MAPGEN/mcl_biomes/init.lua
ore,mcl_nether:soul_sand,mcl_biomes,engine,no,mods/MAPGEN/mcl_biomes/init.lua
ore,mcl_powder_snow:powder_snow,mcl_biomes,engine,no,mods/MAPGEN/mcl_biomes/init.lua
entity,mcl_burning:fire,mcl_burning,engine,no,mods/ENTITIES/mcl_burning/init.lua
craftitem,mcl_charges:,mcl_charges,engine,no,mods/ENTITIES/mcl_charges/init.lua
entity,mcl_charges:,mcl_charges,engine,no,mods/ENTITIES/mcl_charges/init.lua
entity,mcl_experience:bottle,mcl_experience,engine,no,mods/HUD/mcl_experience/bottle.lua
craftitem,mcl_experience:bottle,mcl_experience,engine,no,mods/HUD/mcl_experience/bottle.lua
entity,mcl_experience:orb,mcl_experience,engine,no,mods/HUD/mcl_experience/orb.lua
entity,:__builtin:falling_node,mcl_falling_nodes,engine,no,mods/ENTITIES/mcl_falling_nodes/init.lua
entity,:__builtin:item,mcl_item_entity,engine,no,mods/ENTITIES/mcl_item_entity/init.lua
entity,:mcl_itemframes:glow_item_frame_item,mcl_itemframes_compat,engine,no,mods/COMPAT/mcl_itemframes_compat/init.lua
entity,:mcl_itemframes:glow_item_frame_map,mcl_itemframes_compat,engine,no,mods/COMPAT/mcl_itemframes_compat/init.lua
entity,:mcl_itemframes:item_frame_item,mcl_itemframes_compat,engine,no,mods/COMPAT/mcl_itemframes_compat/init.lua
entity,:mcl_itemframes:item_frame_map,mcl_itemframes_compat,engine,no,mods/COMPAT/mcl_itemframes_compat/init.lua
node,mcl_levelgen:jigsaw_block,mcl_levelgen,engine,no,mods/MAPGEN/mcl_levelgen/jigsaw.lua
node,mcl_levelgen:structure_block_corner,mcl_levelgen,engine,no,mods/MAPGEN/mcl_levelgen/jigsaw.lua
node,mcl_levelgen:structure_block_data,mcl_levelgen,engine,no,mods/MAPGEN/mcl_levelgen/jigsaw.lua
node,mcl_levelgen:structure_block_load,mcl_levelgen,engine,no,mods/MAPGEN/mcl_levelgen/jigsaw.lua
node,mcl_levelgen:structure_block_save,mcl_levelgen,engine,no,mods/MAPGEN/mcl_levelgen/jigsaw.lua
entity,mcl_levelgen:structure_outline,mcl_levelgen,engine,no,mods/MAPGEN/mcl_levelgen/jigsaw.lua
node,mcl_levelgen:structure_void,mcl_levelgen,engine,no,mods/MAPGEN/mcl_levelgen/jigsaw.lua
node,mcl_meshhand:,mcl_meshhand,engine,no,mods/PLAYER/mcl_meshhand/init.lua
node,mcl_meshhand:hand_crea,mcl_meshhand,engine,no,mods/PLAYER/mcl_meshhand/init.lua
node,mcl_meshhand:hand_surv,mcl_meshhand,engine,no,mods/PLAYER/mcl_meshhand/init.lua
tool,mcl_mobs:pathfinder_dump_stick,mcl_mobs,engine,no,mods/ENTITIES/mcl_mobs/pathfinding.lua
tool,mcl_mobs:pathfinder_edge_stick,mcl_mobs,engine,no,mods/ENTITIES/mcl_mobs/pathfinding.lua
tool,mcl_mobs:pathfinder_liquid_stick,mcl_mobs,engine,no,mods/ENTITIES/mcl_mobs/pathfinding.lua
tool,mcl_mobs:pathfinder_stick,mcl_mobs,engine,no,mods/ENTITIES/mcl_mobs/pathfinding.lua
tool,mcl_mobs:spawn_stick,mcl_mobs,engine,no,mods/ENTITIES/mcl_mobs/spawning.lua
entity,mcl_mobs:wielditem,mcl_mobs,engine,no,mods/ENTITIES/mcl_mobs/combat.lua
deco,mcl_structures:<deco>,mcl_structures,engine,no,mods/MAPGEN/mcl_structures/api.lua
entity,:,mcl_void_damage,engine,no,mods/ENVIRONMENT/mcl_void_damage/init.lua
entity,mcl_wieldview:wieldview,mcl_wieldview,engine,no,mods/PLAYER/mcl_wieldview/init.lua
mob,mobs_mc:baby_husk,mobs_mc,engine,no,mods/ENTITIES/mobs_mc/zombie.lua
mob,mobs_mc:baby_pigman,mobs_mc,engine,no,mods/ENTITIES/mobs_mc/zombiepig.lua
mob,mobs_mc:baby_zombie,mobs_mc,engine,no,mods/ENTITIES/mobs_mc/zombie.lua
mob,mobs_mc:cave_spider,mobs_mc,engine,no,mods/ENTITIES/mobs_mc/spider.lua
egg,mobs_mc:cave_spider,mobs_mc,engine,no,mods/ENTITIES/mobs_mc/spider.lua
entity,mobs_mc:dragon_effect_cloud,mobs_mc,engine,no,mods/ENTITIES/mobs_mc/ender_dragon.lua
entity,mobs_mc:dragon_fireball,mobs_mc,engine,no,mods/ENTITIES/mobs_mc/ender_dragon.lua
entity,mobs_mc:dragon_piece,mobs_mc,engine,no,mods/ENTITIES/mobs_mc/ender_dragon.lua
entity,mobs_mc:ender_eyes,mobs_mc,engine,no,mods/ENTITIES/mobs_mc/enderman.lua
mob,mobs_mc:enderdragon,mobs_mc,engine,no,mods/ENTITIES/mobs_mc/ender_dragon.lua
egg,mobs_mc:enderdragon,mobs_mc,engine,no,mods/ENTITIES/mobs_mc/ender_dragon.lua
entity,mobs_mc:evoker_fangs,mobs_mc,engine,no,mods/ENTITIES/mobs_mc/villager_evoker.lua
entity,mobs_mc:llama_spit,mobs_mc,engine,no,mods/ENTITIES/mobs_mc/llama.lua
entity,mobs_mc:llamaspit,mobs_mc,engine,no,mods/ENTITIES/mobs_mc/llama.lua
entity,mobs_mc:shulkerbullet,mobs_mc,engine,no,mods/ENTITIES/mobs_mc/shulker.lua
entity,mobs_mc:spider_eyes,mobs_mc,engine,no,mods/ENTITIES/mobs_mc/spider.lua
entity,mobs_mc:sword_piglin,mobs_mc,engine,no,mods/ENTITIES/mobs_mc/piglin.lua
entity,mobs_mc:witch_potion,mobs_mc,engine,no,mods/ENTITIES/mobs_mc/witch.lua
entity,:mcl_armor:elytra_entity,playerphysics,engine,no,mods/PLAYER/playerphysics/elytra.lua
structure,woodland_cabin,mcl_structures,extra,no,mods/MAPGEN/mcl_structures/woodland_mansion.lua
tool,screwdriver:screwdriver,screwdriver,extra,no,mods/ITEMS/screwdriver/init.lua
structure,mineshaft,tsm_railcorridors,extra,no,mods/MAPGEN/tsm_railcorridors/init.lua
